Data;Ultimo
21/05/2009;888.33
22/05/2009;887
26/05/2009;910.33
27/05/2009;893.06
28/05/2009;906.83
29/05/2009;919.14
01/06/2009;942.87
02/06/2009;944.74
03/06/2009;931.76
04/06/2009;942.46
05/06/2009;940.09
08/06/2009;939.14
09/06/2009;942.43
10/06/2009;939.15
11/06/2009;944.89
12/06/2009;946.21
15/06/2009;923.72
16/06/2009;911.97
17/06/2009;910.71
18/06/2009;918.37
19/06/2009;921.23
22/06/2009;893.04
23/06/2009;895.1
24/06/2009;900.94
25/06/2009;920.26
26/06/2009;918.9
29/06/2009;927.23
30/06/2009;919.32
01/07/2009;923.33
02/07/2009;896.42
06/07/2009;898.72
07/07/2009;881.03
08/07/2009;879.56
09/07/2009;882.68
10/07/2009;879.13
13/07/2009;901.05
14/07/2009;905.84
15/07/2009;932.68
16/07/2009;940.74
17/07/2009;940.38
20/07/2009;951.13
21/07/2009;954.58
22/07/2009;954.07
23/07/2009;976.29
24/07/2009;979.26
27/07/2009;982.18
28/07/2009;979.62
29/07/2009;975.15
30/07/2009;986.75
31/07/2009;987.48
03/08/2009;1002.63
04/08/2009;1005.65
05/08/2009;1002.72
06/08/2009;997.08
07/08/2009;1010.48
10/08/2009;1007.10
11/08/2009;994.35
12/08/2009;1005.81
13/08/2009;1012.73
14/08/2009;1004.09
17/08/2009;979.73
18/08/2009;989.67
19/08/2009;996.46
20/08/2009;1007.37
21/08/2009;1026.13
24/08/2009;1025.57
25/08/2009;1028.00
26/08/2009;1028.12
27/08/2009;1030.98
28/08/2009;1028.93
31/08/2009;1020.62
01/09/2009;998.04
02/09/2009;994.75
03/09/2009;1003.24
04/09/2009;1016.40
08/09/2009;1025.39
09/09/2009;1033.37
10/09/2009;1044.14
11/09/2009;1042.73
14/09/2009;1049.34
15/09/2009;1052.63
16/09/2009;1068.76
17/09/2009;1065.49
18/09/2009;1068.30
21/09/2009;1064.66
22/09/2009;1071.66
23/09/2009;1060.87
24/09/2009;1050.78
25/09/2009;1044.38
28/09/2009;1062.98
29/09/2009;1060.61
30/09/2009;1057.08
01/10/2009;1029.85
02/10/2009;1025.21
05/10/2009;1040.46
06/10/2009;1054.72
07/10/2009;1057.58
08/10/2009;1065.48
09/10/2009;1071.49
12/10/2009;1076.19
13/10/2009;1073.19
14/10/2009;1092.02
15/10/2009;1096.56
16/10/2009;1087.68
19/10/2009;1097.91
20/10/2009;1091.06
21/10/2009;1081.40
22/10/2009;1092.91
23/10/2009;1079.60
26/10/2009;1066.95
27/10/2009;1063.41
28/10/2009;1042.63
29/10/2009;1066.11
30/10/2009;1036.19
02/11/2009;1042.88
03/11/2009;1045.41
04/11/2009;1046.50
05/11/2009;1066.63
06/11/2009;1069.30
09/11/2009;1093.08
10/11/2009;1093.01
11/11/2009;1098.51
12/11/2009;1087.24
13/11/2009;1093.48
16/11/2009;1109.30
17/11/2009;1110.32
18/11/2009;1109.80
19/11/2009;1094.90
20/11/2009;1091.38
23/11/2009;1106.24
24/11/2009;1105.65
25/11/2009;1110.63
27/11/2009;1091.49
30/11/2009;1095.63
01/12/2009;1108.86
02/12/2009;1109.24
03/12/2009;1099.92
04/12/2009;1105.98
07/12/2009;1103.25
08/12/2009;1091.94
09/12/2009;1095.95
10/12/2009;1102.35
11/12/2009;1106.41
14/12/2009;1114.11
15/12/2009;1107.93
16/12/2009;1109.18
17/12/2009;1096.08
18/12/2009;1102.47
21/12/2009;1114.05
22/12/2009;1118.02
23/12/2009;1120.59
24/12/2009;1126.48
28/12/2009;1127.78
29/12/2009;1126.20
30/12/2009;1126.42
31/12/2009;1115.10
04/01/2010;1132.99
05/01/2010;1136.52
06/01/2010;1137.14
07/01/2010;1141.69
08/01/2010;1144.98
11/01/2010;1146.98
12/01/2010;1136.22
13/01/2010;1145.68
14/01/2010;1148.46
15/01/2010;1136.03
19/01/2010;1150.23
20/01/2010;1138.04
21/01/2010;1116.48
22/01/2010;1091.76
25/01/2010;1096.78
26/01/2010;1092.17
27/01/2010;1097.50
28/01/2010;1084.53
29/01/2010;1073.87
01/02/2010;1089.19
02/02/2010;1103.32
03/02/2010;1097.28
04/02/2010;1063.11
05/02/2010;1066.19
08/02/2010;1056.74
09/02/2010;1070.52
10/02/2010;1068.13
11/02/2010;1078.47
12/02/2010;1075.51
16/02/2010;1094.87
17/02/2010;1099.51
18/02/2010;1106.75
19/02/2010;1109.17
22/02/2010;1108.01
23/02/2010;1094.60
24/02/2010;1105.24
25/02/2010;1102.94
26/02/2010;1104.49
01/03/2010;1115.71
02/03/2010;1118.31
03/03/2010;1118.79
04/03/2010;1122.97
05/03/2010;1138.70
08/03/2010;1138.50
09/03/2010;1140.45
10/03/2010;1145.61
11/03/2010;1150.24
12/03/2010;1149.99
15/03/2010;1150.51
16/03/2010;1159.46
17/03/2010;1166.21
18/03/2010;1165.83
19/03/2010;1159.90
22/03/2010;1165.81
23/03/2010;1174.17
24/03/2010;1167.72
25/03/2010;1165.73
26/03/2010;1166.59
29/03/2010;1173.22
30/03/2010;1173.27
31/03/2010;1169.43
01/04/2010;1178.10
05/04/2010;1187.44
06/04/2010;1189.44
07/04/2010;1182.45
08/04/2010;1186.44
09/04/2010;1194.37
12/04/2010;1196.48
13/04/2010;1197.30
14/04/2010;1210.65
15/04/2010;1211.67
16/04/2010;1192.13
19/04/2010;1197.52
20/04/2010;1207.17
21/04/2010;1205.94
22/04/2010;1208.67
23/04/2010;1217.28
26/04/2010;1212.05
27/04/2010;1183.71
28/04/2010;1191.36
29/04/2010;1206.78
30/04/2010;1186.69
03/05/2010;1202.26
04/05/2010;1173.60
05/05/2010;1165.87
06/05/2010;1128.15
07/05/2010;1110.88
10/05/2010;1159.73
11/05/2010;1155.79
12/05/2010;1171.67
13/05/2010;1157.44
14/05/2010;1135.68
17/05/2010;1136.94
18/05/2010;1120.80
19/05/2010;1115.05
20/05/2010;1071.59
21/05/2010;1087.69
24/05/2010;1073.65
25/05/2010;1074.03
26/05/2010;1067.95
27/05/2010;1103.06
28/05/2010;1089.41
01/06/2010;1070.71
02/06/2010;1098.38
03/06/2010;1102.83
04/06/2010;1064.88
07/06/2010;1050.47
08/06/2010;1062.00
09/06/2010;1055.69
10/06/2010;1086.84
11/06/2010;1091.60
14/06/2010;1089.63
15/06/2010;1115.23
16/06/2010;1114.61
17/06/2010;1116.04
18/06/2010;1117.51
21/06/2010;1113.20
22/06/2010;1095.31
23/06/2010;1092.04
24/06/2010;1073.69
25/06/2010;1076.76
28/06/2010;1074.57
29/06/2010;1041.24
30/06/2010;1030.71
01/07/2010;1027.37
02/07/2010;1022.58
06/07/2010;1028.06
07/07/2010;1060.27
08/07/2010;1070.25
09/07/2010;1077.96
12/07/2010;1078.75
13/07/2010;1095.34
14/07/2010;1095.17
15/07/2010;1096.48
16/07/2010;1064.88
19/07/2010;1071.25
20/07/2010;1083.48
21/07/2010;1069.59
22/07/2010;1093.67
23/07/2010;1102.66
26/07/2010;1115.01
27/07/2010;1113.84
28/07/2010;1106.13
29/07/2010;1101.53
30/07/2010;1101.60
02/08/2010;1125.86
03/08/2010;1120.46
04/08/2010;1127.24
05/08/2010;1125.81
06/08/2010;1121.64
09/08/2010;1127.79
10/08/2010;1121.06
11/08/2010;1089.47
12/08/2010;1083.61
13/08/2010;1079.25
16/08/2010;1079.38
17/08/2010;1092.54
18/08/2010;1094.16
19/08/2010;1075.63
20/08/2010;1071.69
23/08/2010;1067.36
24/08/2010;1051.87
25/08/2010;1055.33
26/08/2010;1047.22
27/08/2010;1064.59
30/08/2010;1048.92
31/08/2010;1049.33
01/09/2010;1080.29
02/09/2010;1090.10
03/09/2010;1104.51
07/09/2010;1091.84
08/09/2010;1098.87
09/09/2010;1104.18
10/09/2010;1109.55
13/09/2010;1121.90
14/09/2010;1121.10
15/09/2010;1125.07
16/09/2010;1124.66
17/09/2010;1125.59
20/09/2010;1142.71
21/09/2010;1139.78
22/09/2010;1134.28
23/09/2010;1124.83
24/09/2010;1148.67
27/09/2010;1142.16
28/09/2010;1147.70
29/09/2010;1144.73
30/09/2010;1141.20
01/10/2010;1146.24
04/10/2010;1137.03
05/10/2010;1160.75
06/10/2010;1159.97
07/10/2010;1158.06
08/10/2010;1165.15
11/10/2010;1165.32
12/10/2010;1169.77
13/10/2010;1178.10
14/10/2010;1173.81
15/10/2010;1176.19
18/10/2010;1184.71
19/10/2010;1165.90
20/10/2010;1178.17
21/10/2010;1180.26
22/10/2010;1183.08
25/10/2010;1185.62
26/10/2010;1185.64
27/10/2010;1182.45
28/10/2010;1183.78
29/10/2010;1183.26
01/11/2010;1184.38
02/11/2010;1193.57
03/11/2010;1197.96
04/11/2010;1221.06
05/11/2010;1225.85
08/11/2010;1223.25
09/11/2010;1213.40
10/11/2010;1218.71
11/11/2010;1213.54
12/11/2010;1199.21
15/11/2010;1197.75
16/11/2010;1178.34
17/11/2010;1178.59
18/11/2010;1196.69
19/11/2010;1199.73
22/11/2010;1197.84
23/11/2010;1180.73
24/11/2010;1198.35
26/11/2010;1189.40
29/11/2010;1187.76
30/11/2010;1180.55
01/12/2010;1206.07
02/12/2010;1221.53
03/12/2010;1224.71
06/12/2010;1223.12
07/12/2010;1223.75
08/12/2010;1228.28
09/12/2010;1233.00
10/12/2010;1240.40
13/12/2010;1240.46
14/12/2010;1241.59
15/12/2010;1235.23
16/12/2010;1242.87
17/12/2010;1243.91
20/12/2010;1247.08
21/12/2010;1254.60
22/12/2010;1258.84
23/12/2010;1256.77
27/12/2010;1257.54
28/12/2010;1258.51
29/12/2010;1259.78
30/12/2010;1257.88
31/12/2010;1257.64
03/01/2011;1271.87
04/01/2011;1270.20
05/01/2011;1276.56
06/01/2011;1273.85
07/01/2011;1271.50
10/01/2011;1269.75
11/01/2011;1274.48
12/01/2011;1285.96
13/01/2011;1283.76
14/01/2011;1293.24
18/01/2011;1295.02
19/01/2011;1281.92
20/01/2011;1280.26
21/01/2011;1283.35
24/01/2011;1290.84
25/01/2011;1291.18
26/01/2011;1296.63
27/01/2011;1299.54
28/01/2011;1276.34
31/01/2011;1286.12
01/02/2011;1307.59
02/02/2011;1304.03
03/02/2011;1307.10
04/02/2011;1310.87
07/02/2011;1319.05
08/02/2011;1324.57
09/02/2011;1320.88
10/02/2011;1321.87
11/02/2011;1329.15
14/02/2011;1332.32
15/02/2011;1328.01
16/02/2011;1336.32
18/02/2011;1343.01
22/02/2011;1315.44
23/02/2011;1307.40
24/02/2011;1306.10
25/02/2011;1319.88
28/02/2011;1327.22
01/03/2011;1306.33
02/03/2011;1308.44
03/03/2011;1330.97
04/03/2011;1321.15
07/03/2011;1310.13
08/03/2011;1321.82
09/03/2011;1320.02
10/03/2011;1295.11
11/03/2011;1304.28
14/03/2011;1296.39
15/03/2011;1281.87
16/03/2011;1256.88
17/03/2011;1273.72
18/03/2011;1279.21
21/03/2011;1298.38
22/03/2011;1293.77
23/03/2011;1297.54
24/03/2011;1309.66
25/03/2011;1313.80
28/03/2011;1310.19
29/03/2011;1319.44
30/03/2011;1328.26
31/03/2011;1325.83
01/04/2011;1332.41
04/04/2011;1332.87
05/04/2011;1332.63
06/04/2011;1335.54
07/04/2011;1333.51
08/04/2011;1328.17
11/04/2011;1324.46
12/04/2011;1314.16
13/04/2011;1314.41
14/04/2011;1314.52
15/04/2011;1319.68
18/04/2011;1305.14
19/04/2011;1312.62
20/04/2011;1330.36
21/04/2011;1337.38
25/04/2011;1335.25
26/04/2011;1347.24
27/04/2011;1355.66
28/04/2011;1360.48
29/04/2011;1363.61
02/05/2011;1361.22
03/05/2011;1356.62
04/05/2011;1347.32
05/05/2011;1335.10
06/05/2011;1340.20
09/05/2011;1346.29
10/05/2011;1357.16
11/05/2011;1342.08
12/05/2011;1348.65
13/05/2011;1337.77
16/05/2011;1329.47
17/05/2011;1328.98
18/05/2011;1340.68
19/05/2011;1343.60
20/05/2011;1333.27
23/05/2011;1317.37
24/05/2011;1316.28
25/05/2011;1320.47
26/05/2011;1325.69
27/05/2011;1331.10
31/05/2011;1345.20
01/06/2011;1314.55
02/06/2011;1312.94
03/06/2011;1300.16
06/06/2011;1286.17
07/06/2011;1284.94
08/06/2011;1279.56
09/06/2011;1289.00
10/06/2011;1270.98
13/06/2011;1271.83
14/06/2011;1287.87
15/06/2011;1265.42
16/06/2011;1267.64
17/06/2011;1271.50
20/06/2011;1278.36
21/06/2011;1295.52
22/06/2011;1287.14
23/06/2011;1283.50
24/06/2011;1268.45
27/06/2011;1280.10
28/06/2011;1296.67
29/06/2011;1307.41
30/06/2011;1320.64
01/07/2011;1339.67
05/07/2011;1337.88
06/07/2011;1339.22
07/07/2011;1353.22
08/07/2011;1343.80
11/07/2011;1319.49
12/07/2011;1313.64
13/07/2011;1317.72
14/07/2011;1308.87
15/07/2011;1316.14
18/07/2011;1305.44
19/07/2011;1326.73
20/07/2011;1325.84
21/07/2011;1343.80
22/07/2011;1345.02
25/07/2011;1337.43
26/07/2011;1331.94
27/07/2011;1304.89
28/07/2011;1300.67
29/07/2011;1292.28
01/08/2011;1286.94
02/08/2011;1254.05
03/08/2011;1260.34
04/08/2011;1200.07
05/08/2011;1199.38
08/08/2011;1119.46
09/08/2011;1172.53
10/08/2011;1120.76
11/08/2011;1172.64
12/08/2011;1178.81
15/08/2011;1204.49
16/08/2011;1192.76
17/08/2011;1193.89
18/08/2011;1140.65
19/08/2011;1123.53
22/08/2011;1123.82
23/08/2011;1162.35
24/08/2011;1177.60
25/08/2011;1159.27
26/08/2011;1176.80
29/08/2011;1210.08
30/08/2011;1212.92
31/08/2011;1218.89
01/09/2011;1204.42
02/09/2011;1173.97
06/09/2011;1165.24
07/09/2011;1198.62
08/09/2011;1185.90
09/09/2011;1154.23
12/09/2011;1162.27
13/09/2011;1172.87
14/09/2011;1188.68
15/09/2011;1209.11
16/09/2011;1216.01
19/09/2011;1204.09
20/09/2011;1202.09
21/09/2011;1166.76
22/09/2011;1129.56
23/09/2011;1136.43
26/09/2011;1162.95
27/09/2011;1175.38
28/09/2011;1151.06
29/09/2011;1160.40
30/09/2011;1131.42
03/10/2011;1099.23
04/10/2011;1123.95
05/10/2011;1144.03
06/10/2011;1164.97
07/10/2011;1155.46
10/10/2011;1194.89
11/10/2011;1195.54
12/10/2011;1207.25
13/10/2011;1203.66
14/10/2011;1224.58
17/10/2011;1200.86
18/10/2011;1225.38
19/10/2011;1209.88
20/10/2011;1215.39
21/10/2011;1238.25
24/10/2011;1254.19
25/10/2011;1229.05
26/10/2011;1242.00
27/10/2011;1284.59
28/10/2011;1285.09
31/10/2011;1253.30
01/11/2011;1218.28
02/11/2011;1237.90
03/11/2011;1261.15
04/11/2011;1253.23
07/11/2011;1261.12
08/11/2011;1275.92
09/11/2011;1229.10
10/11/2011;1239.69
11/11/2011;1263.85
14/11/2011;1251.78
15/11/2011;1257.81
16/11/2011;1236.91
17/11/2011;1216.13
18/11/2011;1215.65
21/11/2011;1192.98
22/11/2011;1188.04
23/11/2011;1161.79
25/11/2011;1158.67
28/11/2011;1192.55
29/11/2011;1195.19
30/11/2011;1246.96
01/12/2011;1244.58
02/12/2011;1244.28
05/12/2011;1257.08
06/12/2011;1258.47
07/12/2011;1261.01
08/12/2011;1234.35
09/12/2011;1255.19
12/12/2011;1236.47
13/12/2011;1225.73
14/12/2011;1211.82
15/12/2011;1215.75
16/12/2011;1219.66
19/12/2011;1205.35
20/12/2011;1241.30
21/12/2011;1243.72
22/12/2011;1254.00
23/12/2011;1265.33
27/12/2011;1265.43
28/12/2011;1249.64
29/12/2011;1263.02
30/12/2011;1257.60
03/01/2012;1277.06
04/01/2012;1277.30
05/01/2012;1281.06
06/01/2012;1277.81
09/01/2012;1280.70
10/01/2012;1292.08
11/01/2012;1292.48
12/01/2012;1295.50
13/01/2012;1289.09
17/01/2012;1293.67
18/01/2012;1308.04
19/01/2012;1314.50
20/01/2012;1315.38
23/01/2012;1316.00
24/01/2012;1314.65
25/01/2012;1326.05
26/01/2012;1318.43
27/01/2012;1316.33
30/01/2012;1313.01
31/01/2012;1312.41
01/02/2012;1324.09
02/02/2012;1325.54
03/02/2012;1344.90
06/02/2012;1344.33
07/02/2012;1347.05
08/02/2012;1349.96
09/02/2012;1351.95
10/02/2012;1342.64
13/02/2012;1351.77
14/02/2012;1350.50
15/02/2012;1343.23
16/02/2012;1358.04
17/02/2012;1361.23
21/02/2012;1362.21
22/02/2012;1357.66
23/02/2012;1363.46
24/02/2012;1365.74
27/02/2012;1367.59
28/02/2012;1372.18
29/02/2012;1365.68
01/03/2012;1374.09
02/03/2012;1369.63
05/03/2012;1364.33
06/03/2012;1343.36
07/03/2012;1352.63
08/03/2012;1365.91
09/03/2012;1370.87
12/03/2012;1371.09
13/03/2012;1395.95
14/03/2012;1394.28
15/03/2012;1402.60
16/03/2012;1404.17
19/03/2012;1409.75
20/03/2012;1405.52
21/03/2012;1402.89
22/03/2012;1392.78
23/03/2012;1397.11
26/03/2012;1416.51
27/03/2012;1412.52
28/03/2012;1405.54
29/03/2012;1403.28
30/03/2012;1408.47
02/04/2012;1419.04
03/04/2012;1413.38
04/04/2012;1398.96
05/04/2012;1398.08
09/04/2012;1382.20
10/04/2012;1358.59
11/04/2012;1368.71
12/04/2012;1387.57
13/04/2012;1370.26
16/04/2012;1369.57
17/04/2012;1390.78
18/04/2012;1385.14
19/04/2012;1376.92
20/04/2012;1378.53
23/04/2012;1366.94
24/04/2012;1371.97
25/04/2012;1390.69
26/04/2012;1399.98
27/04/2012;1403.36
30/04/2012;1397.91
01/05/2012;1405.82
02/05/2012;1402.31
03/05/2012;1391.57
04/05/2012;1369.10
07/05/2012;1369.58
08/05/2012;1363.72
09/05/2012;1354.58
10/05/2012;1357.99
11/05/2012;1353.39
14/05/2012;1338.35
15/05/2012;1330.66
16/05/2012;1324.80
17/05/2012;1304.86
18/05/2012;1295.22
21/05/2012;1315.99
22/05/2012;1316.63
23/05/2012;1318.86
24/05/2012;1320.68
25/05/2012;1317.82
29/05/2012;1332.42
30/05/2012;1313.32
31/05/2012;1310.33
01/06/2012;1278.04
04/06/2012;1278.18
05/06/2012;1285.50
06/06/2012;1315.13
07/06/2012;1314.99
08/06/2012;1325.66
11/06/2012;1308.93
12/06/2012;1324.18
13/06/2012;1314.88
14/06/2012;1329.10
15/06/2012;1342.84
18/06/2012;1344.78
19/06/2012;1357.98
20/06/2012;1355.69
21/06/2012;1325.51
22/06/2012;1335.02
25/06/2012;1313.72
26/06/2012;1319.99
27/06/2012;1331.85
28/06/2012;1329.04
29/06/2012;1362.16
02/07/2012;1365.51
03/07/2012;1374.02
05/07/2012;1367.58
06/07/2012;1354.68
09/07/2012;1352.46
10/07/2012;1341.47
11/07/2012;1341.45
12/07/2012;1334.76
13/07/2012;1356.78
16/07/2012;1353.64
17/07/2012;1363.67
18/07/2012;1372.78
19/07/2012;1376.51
20/07/2012;1362.66
23/07/2012;1350.52
24/07/2012;1338.31
25/07/2012;1337.89
26/07/2012;1360.02
27/07/2012;1385.97
30/07/2012;1385.30
31/07/2012;1379.32
01/08/2012;1375.14
02/08/2012;1365.00
03/08/2012;1390.99
06/08/2012;1394.23
07/08/2012;1401.35
08/08/2012;1402.22
09/08/2012;1402.80
10/08/2012;1405.87
13/08/2012;1404.11
14/08/2012;1403.93
15/08/2012;1405.53
16/08/2012;1415.51
17/08/2012;1418.16
20/08/2012;1418.13
21/08/2012;1413.17
22/08/2012;1413.49
23/08/2012;1402.08
24/08/2012;1411.13
27/08/2012;1410.44
28/08/2012;1409.30
29/08/2012;1410.49
30/08/2012;1399.48
31/08/2012;1406.58
04/09/2012;1404.94
05/09/2012;1403.44
06/09/2012;1432.12
07/09/2012;1437.92
10/09/2012;1429.08
11/09/2012;1433.56
12/09/2012;1436.56
13/09/2012;1459.99
14/09/2012;1465.77
17/09/2012;1461.19
18/09/2012;1459.32
19/09/2012;1461.05
20/09/2012;1460.26
21/09/2012;1460.15
24/09/2012;1456.89
25/09/2012;1441.59
26/09/2012;1433.32
27/09/2012;1447.15
28/09/2012;1440.67
01/10/2012;1444.49
02/10/2012;1445.75
03/10/2012;1450.99
04/10/2012;1461.40
05/10/2012;1460.93
08/10/2012;1455.88
09/10/2012;1441.48
10/10/2012;1432.56
11/10/2012;1432.84
12/10/2012;1428.59
15/10/2012;1440.13
16/10/2012;1454.92
17/10/2012;1460.91
18/10/2012;1457.34
19/10/2012;1433.19
22/10/2012;1433.82
23/10/2012;1413.11
24/10/2012;1408.75
25/10/2012;1412.97
26/10/2012;1411.94
31/10/2012;1412.16
01/11/2012;1427.59
02/11/2012;1414.20
05/11/2012;1417.26
06/11/2012;1428.39
07/11/2012;1394.53
08/11/2012;1377.51
09/11/2012;1379.85
12/11/2012;1380.03
13/11/2012;1374.53
14/11/2012;1355.49
15/11/2012;1353.33
16/11/2012;1359.88
19/11/2012;1386.89
20/11/2012;1387.81
21/11/2012;1391.03
23/11/2012;1409.15
26/11/2012;1406.29
27/11/2012;1398.94
28/11/2012;1409.93
29/11/2012;1415.95
30/11/2012;1416.18
03/12/2012;1409.46
04/12/2012;1407.05
05/12/2012;1409.28
06/12/2012;1413.94
07/12/2012;1418.07
10/12/2012;1418.55
11/12/2012;1427.84
12/12/2012;1428.48
13/12/2012;1419.45
14/12/2012;1413.58
17/12/2012;1430.36
18/12/2012;1446.79
19/12/2012;1435.81
20/12/2012;1443.69
21/12/2012;1430.15
24/12/2012;1426.66
26/12/2012;1419.83
27/12/2012;1418.10
28/12/2012;1402.43
31/12/2012;1426.19
02/01/2013;1462.42
03/01/2013;1459.37
04/01/2013;1466.47
07/01/2013;1461.89
08/01/2013;1457.15
09/01/2013;1461.02
10/01/2013;1472.12
11/01/2013;1472.05
14/01/2013;1470.68
15/01/2013;1472.34
16/01/2013;1472.63
17/01/2013;1480.94
18/01/2013;1485.98
22/01/2013;1492.56
23/01/2013;1494.81
24/01/2013;1494.82
25/01/2013;1502.96
28/01/2013;1500.18
29/01/2013;1507.84
30/01/2013;1501.96
31/01/2013;1498.11
01/02/2013;1513.17
04/02/2013;1495.71
05/02/2013;1511.29
06/02/2013;1512.12
07/02/2013;1509.39
08/02/2013;1517.93
11/02/2013;1517.01
12/02/2013;1519.43
13/02/2013;1520.33
14/02/2013;1521.38
15/02/2013;1519.79
19/02/2013;1530.94
20/02/2013;1511.95
21/02/2013;1502.42
22/02/2013;1515.60
25/02/2013;1487.85
26/02/2013;1496.94
27/02/2013;1515.99
28/02/2013;1514.68
01/03/2013;1518.20
04/03/2013;1525.20
05/03/2013;1539.79
06/03/2013;1541.46
07/03/2013;1544.26
08/03/2013;1551.18
11/03/2013;1556.22
12/03/2013;1552.48
13/03/2013;1554.52
14/03/2013;1563.23
15/03/2013;1560.70
18/03/2013;1552.10
19/03/2013;1548.34
20/03/2013;1558.71
21/03/2013;1545.80
22/03/2013;1556.89
25/03/2013;1551.69
26/03/2013;1563.77
27/03/2013;1562.85
28/03/2013;1569.19
01/04/2013;1562.17
02/04/2013;1570.25
03/04/2013;1553.69
04/04/2013;1559.98
05/04/2013;1553.28
08/04/2013;1563.07
09/04/2013;1568.61
10/04/2013;1587.73
11/04/2013;1593.37
12/04/2013;1588.85
15/04/2013;1552.36
16/04/2013;1574.57
17/04/2013;1552.01
18/04/2013;1541.61
19/04/2013;1555.25
22/04/2013;1562.50
23/04/2013;1578.78
24/04/2013;1578.79
25/04/2013;1585.16
26/04/2013;1582.24
29/04/2013;1593.61
30/04/2013;1597.57
01/05/2013;1582.70
02/05/2013;1597.59
03/05/2013;1614.42
06/05/2013;1617.50
07/05/2013;1625.96
08/05/2013;1632.69
09/05/2013;1626.67
10/05/2013;1633.70
13/05/2013;1633.77
14/05/2013;1650.34
15/05/2013;1658.78
16/05/2013;1650.47
17/05/2013;1667.47
20/05/2013;1666.29
21/05/2013;1669.16
22/05/2013;1655.35
23/05/2013;1650.51
24/05/2013;1649.60
28/05/2013;1660.06
29/05/2013;1648.36
30/05/2013;1654.41
31/05/2013;1630.74
03/06/2013;1640.42
04/06/2013;1631.38
05/06/2013;1608.90
06/06/2013;1622.56
07/06/2013;1643.38
10/06/2013;1642.81
11/06/2013;1626.13
12/06/2013;1612.52
13/06/2013;1636.36
14/06/2013;1626.73
17/06/2013;1639.04
18/06/2013;1651.81
19/06/2013;1628.93
20/06/2013;1588.19
21/06/2013;1592.43
24/06/2013;1573.09
25/06/2013;1588.03
26/06/2013;1603.26
27/06/2013;1613.20
28/06/2013;1606.28
01/07/2013;1614.96
02/07/2013;1614.08
03/07/2013;1615.41
05/07/2013;1631.89
08/07/2013;1640.46
09/07/2013;1652.32
10/07/2013;1652.62
11/07/2013;1675.02
12/07/2013;1680.19
15/07/2013;1682.50
16/07/2013;1676.26
17/07/2013;1680.91
18/07/2013;1689.37
19/07/2013;1692.09
22/07/2013;1695.53
23/07/2013;1692.39
24/07/2013;1685.94
25/07/2013;1690.25
26/07/2013;1691.65
29/07/2013;1685.33
30/07/2013;1685.96
31/07/2013;1685.73
01/08/2013;1706.87
02/08/2013;1709.67
05/08/2013;1707.14
06/08/2013;1697.37
07/08/2013;1690.91
08/08/2013;1697.48
09/08/2013;1691.42
12/08/2013;1689.47
13/08/2013;1694.16
14/08/2013;1685.39
15/08/2013;1661.32
16/08/2013;1655.83
19/08/2013;1646.06
20/08/2013;1652.35
21/08/2013;1642.80
22/08/2013;1656.96
23/08/2013;1663.50
26/08/2013;1656.78
27/08/2013;1630.48
28/08/2013;1634.96
29/08/2013;1638.17
30/08/2013;1632.97
03/09/2013;1639.77
04/09/2013;1653.08
05/09/2013;1655.08
06/09/2013;1655.17
09/09/2013;1671.71
10/09/2013;1683.99
11/09/2013;1689.13
12/09/2013;1683.42
13/09/2013;1687.99
16/09/2013;1697.60
17/09/2013;1704.76
18/09/2013;1725.52
19/09/2013;1722.34
20/09/2013;1709.91
23/09/2013;1701.84
24/09/2013;1697.42
25/09/2013;1692.77
26/09/2013;1698.67
27/09/2013;1691.75
30/09/2013;1681.55
01/10/2013;1695.00
02/10/2013;1693.87
03/10/2013;1678.66
04/10/2013;1690.50
07/10/2013;1676.12
08/10/2013;1655.45
09/10/2013;1656.40
10/10/2013;1692.56
11/10/2013;1703.20
14/10/2013;1710.14
15/10/2013;1698.06
16/10/2013;1721.54
17/10/2013;1733.15
18/10/2013;1744.50
21/10/2013;1744.66
22/10/2013;1754.67
23/10/2013;1746.38
24/10/2013;1752.07
25/10/2013;1759.77
28/10/2013;1762.11
29/10/2013;1771.95
30/10/2013;1763.31
31/10/2013;1756.54
01/11/2013;1761.64
04/11/2013;1767.93
05/11/2013;1762.97
06/11/2013;1770.49
07/11/2013;1747.15
08/11/2013;1770.61
11/11/2013;1771.89
12/11/2013;1767.69
13/11/2013;1782.00
14/11/2013;1790.62
15/11/2013;1798.18
18/11/2013;1791.53
19/11/2013;1787.87
20/11/2013;1781.37
21/11/2013;1795.85
22/11/2013;1804.76
25/11/2013;1802.48
26/11/2013;1802.75
27/11/2013;1807.23
29/11/2013;1805.81
02/12/2013;1800.90
03/12/2013;1795.15
04/12/2013;1792.81
05/12/2013;1785.03
06/12/2013;1805.09
09/12/2013;1808.37
10/12/2013;1802.62
11/12/2013;1782.22
12/12/2013;1775.50
13/12/2013;1775.32
16/12/2013;1786.54
17/12/2013;1781.00
18/12/2013;1810.65
19/12/2013;1809.60
20/12/2013;1818.32
23/12/2013;1827.99
24/12/2013;1833.32
26/12/2013;1842.02
27/12/2013;1841.40
30/12/2013;1841.07
31/12/2013;1848.36
02/01/2014;1831.98
03/01/2014;1831.37
06/01/2014;1826.77
07/01/2014;1837.88
08/01/2014;1837.49
09/01/2014;1838.13
10/01/2014;1842.37
13/01/2014;1819.20
14/01/2014;1838.88
15/01/2014;1848.38
16/01/2014;1845.89
17/01/2014;1838.70
21/01/2014;1843.80
22/01/2014;1844.86
23/01/2014;1828.46
24/01/2014;1790.29
27/01/2014;1781.56
28/01/2014;1792.50
29/01/2014;1774.20
30/01/2014;1794.19
31/01/2014;1782.59
03/02/2014;1741.89
04/02/2014;1755.20
05/02/2014;1751.64
06/02/2014;1773.43
07/02/2014;1797.02
10/02/2014;1799.84
11/02/2014;1819.75
12/02/2014;1819.26
13/02/2014;1829.83
14/02/2014;1838.63
18/02/2014;1840.76
19/02/2014;1828.75
20/02/2014;1839.78
21/02/2014;1836.25
24/02/2014;1847.61
25/02/2014;1845.12
26/02/2014;1845.16
27/02/2014;1854.29
28/02/2014;1859.45
03/03/2014;1845.73
04/03/2014;1873.91
05/03/2014;1873.81
06/03/2014;1877.03
07/03/2014;1878.04
10/03/2014;1877.17
11/03/2014;1867.63
12/03/2014;1868.20
13/03/2014;1846.34
14/03/2014;1841.13
17/03/2014;1858.83
18/03/2014;1872.25
19/03/2014;1860.77
20/03/2014;1872.01
21/03/2014;1866.52
24/03/2014;1857.44
25/03/2014;1865.62
26/03/2014;1852.56
27/03/2014;1849.04
28/03/2014;1857.62
31/03/2014;1872.34
01/04/2014;1885.52
02/04/2014;1890.90
03/04/2014;1888.77
04/04/2014;1865.09
07/04/2014;1845.04
08/04/2014;1851.96
09/04/2014;1872.18
10/04/2014;1833.08
11/04/2014;1815.69
14/04/2014;1830.61
15/04/2014;1842.98
16/04/2014;1862.31
17/04/2014;1864.85
21/04/2014;1871.89
22/04/2014;1879.55
23/04/2014;1875.39
24/04/2014;1878.61
25/04/2014;1863.40
28/04/2014;1869.43
29/04/2014;1878.33
30/04/2014;1883.95
01/05/2014;1883.68
02/05/2014;1881.14
05/05/2014;1884.66
06/05/2014;1867.72
07/05/2014;1878.21
08/05/2014;1875.63
09/05/2014;1878.48
12/05/2014;1896.65
13/05/2014;1897.45
14/05/2014;1888.53
15/05/2014;1870.85
16/05/2014;1877.86
19/05/2014;1885.08
20/05/2014;1872.83
21/05/2014;1888.03
22/05/2014;1892.49
23/05/2014;1900.53
27/05/2014;1911.91
28/05/2014;1909.78
29/05/2014;1920.03
30/05/2014;1923.57
02/06/2014;1924.97
03/06/2014;1924.24
04/06/2014;1927.88
05/06/2014;1940.46
06/06/2014;1949.44
09/06/2014;1951.27
10/06/2014;1950.79
11/06/2014;1943.89
12/06/2014;1930.11
13/06/2014;1936.16
16/06/2014;1937.78
17/06/2014;1941.99
18/06/2014;1956.98
19/06/2014;1959.48
20/06/2014;1962.87
23/06/2014;1962.61
24/06/2014;1949.98
25/06/2014;1959.53
26/06/2014;1957.22
27/06/2014;1960.96
30/06/2014;1960.23
01/07/2014;1973.32
02/07/2014;1974.62
03/07/2014;1985.44
07/07/2014;1977.65
08/07/2014;1963.71
09/07/2014;1972.83
10/07/2014;1964.68
11/07/2014;1967.57
14/07/2014;1977.10
15/07/2014;1973.28
16/07/2014;1981.57
17/07/2014;1958.12
18/07/2014;1978.22
21/07/2014;1973.63
22/07/2014;1983.53
23/07/2014;1987.01
24/07/2014;1987.98
25/07/2014;1978.34
28/07/2014;1978.91
29/07/2014;1969.95
30/07/2014;1970.07
31/07/2014;1930.67
01/08/2014;1925.15
04/08/2014;1938.99
05/08/2014;1920.21
06/08/2014;1920.24
07/08/2014;1909.57
08/08/2014;1931.59
11/08/2014;1936.92
12/08/2014;1933.75
13/08/2014;1946.72
14/08/2014;1955.18
15/08/2014;1955.06
18/08/2014;1971.74
19/08/2014;1981.60
20/08/2014;1986.51
21/08/2014;1992.37
22/08/2014;1988.40
25/08/2014;1997.92
26/08/2014;2000.02
27/08/2014;2000.12
28/08/2014;1996.74
29/08/2014;2003.37
02/09/2014;2002.28
03/09/2014;2000.72
04/09/2014;1997.65
05/09/2014;2007.71
08/09/2014;2001.54
09/09/2014;1988.44
10/09/2014;1995.69
11/09/2014;1997.45
12/09/2014;1985.54
15/09/2014;1984.13
16/09/2014;1998.98
17/09/2014;2001.57
18/09/2014;2011.36
19/09/2014;2010.40
22/09/2014;1994.29
23/09/2014;1982.77
24/09/2014;1998.30
25/09/2014;1965.99
26/09/2014;1982.85
29/09/2014;1977.80
30/09/2014;1972.29
01/10/2014;1946.16
02/10/2014;1946.17
03/10/2014;1967.90
06/10/2014;1964.82
07/10/2014;1935.10
08/10/2014;1968.89
09/10/2014;1928.21
10/10/2014;1906.13
13/10/2014;1874.74
14/10/2014;1877.70
15/10/2014;1862.49
16/10/2014;1862.76
17/10/2014;1886.76
20/10/2014;1904.01
21/10/2014;1941.28
22/10/2014;1927.11
23/10/2014;1950.82
24/10/2014;1964.58
27/10/2014;1961.63
28/10/2014;1985.05
29/10/2014;1982.30
30/10/2014;1994.65
31/10/2014;2018.05
03/11/2014;2017.81
04/11/2014;2012.10
05/11/2014;2023.57
06/11/2014;2031.21
07/11/2014;2031.92
10/11/2014;2038.26
11/11/2014;2039.68
12/11/2014;2038.25
13/11/2014;2039.33
14/11/2014;2039.82
17/11/2014;2041.32
18/11/2014;2051.80
19/11/2014;2048.72
20/11/2014;2052.75
21/11/2014;2063.50
24/11/2014;2069.41
25/11/2014;2067.03
26/11/2014;2072.83
28/11/2014;2067.56
01/12/2014;2053.44
02/12/2014;2066.55
03/12/2014;2074.33
04/12/2014;2071.92
05/12/2014;2075.37
08/12/2014;2060.31
09/12/2014;2059.82
10/12/2014;2026.14
11/12/2014;2035.33
12/12/2014;2002.33
15/12/2014;1989.63
16/12/2014;1972.74
17/12/2014;2012.89
18/12/2014;2061.23
19/12/2014;2070.65
22/12/2014;2078.54
23/12/2014;2082.17
24/12/2014;2081.88
26/12/2014;2088.77
29/12/2014;2090.57
30/12/2014;2080.35
31/12/2014;2058.90
02/01/2015;2058.20
05/01/2015;2020.58
06/01/2015;2002.61
07/01/2015;2025.90
08/01/2015;2062.14
09/01/2015;2044.81
12/01/2015;2028.26
13/01/2015;2023.03
14/01/2015;2011.27
15/01/2015;1992.67
16/01/2015;2019.42
20/01/2015;2022.55
21/01/2015;2032.12
22/01/2015;2063.15
23/01/2015;2051.82
26/01/2015;2057.09
27/01/2015;2029.55
28/01/2015;2002.16
29/01/2015;2021.25
30/01/2015;1994.99
02/02/2015;2020.85
03/02/2015;2050.03
04/02/2015;2041.51
05/02/2015;2062.52
06/02/2015;2055.47
09/02/2015;2046.74
10/02/2015;2068.59
11/02/2015;2068.53
12/02/2015;2088.48
13/02/2015;2096.99
17/02/2015;2100.34
18/02/2015;2099.68
19/02/2015;2097.45
20/02/2015;2110.30
23/02/2015;2109.66
24/02/2015;2115.48
25/02/2015;2113.86
26/02/2015;2110.74
27/02/2015;2104.50
02/03/2015;2117.39
03/03/2015;2107.78
04/03/2015;2098.53
05/03/2015;2101.04
06/03/2015;2071.26
09/03/2015;2079.43
10/03/2015;2044.16
11/03/2015;2040.24
12/03/2015;2065.95
13/03/2015;2053.40
16/03/2015;2081.19
17/03/2015;2074.28
18/03/2015;2099.50
19/03/2015;2089.27
20/03/2015;2108.10
23/03/2015;2104.42
24/03/2015;2091.50
25/03/2015;2061.05
26/03/2015;2056.15
27/03/2015;2061.02
30/03/2015;2086.24
31/03/2015;2067.89
01/04/2015;2059.69
02/04/2015;2066.96
06/04/2015;2080.62
07/04/2015;2076.33
08/04/2015;2081.90
09/04/2015;2091.18
10/04/2015;2102.06
13/04/2015;2092.43
14/04/2015;2095.84
15/04/2015;2106.63
16/04/2015;2104.99
17/04/2015;2081.18
20/04/2015;2100.40
21/04/2015;2097.29
22/04/2015;2107.96
23/04/2015;2112.93
24/04/2015;2117.69
27/04/2015;2108.92
28/04/2015;2114.76
29/04/2015;2106.85
30/04/2015;2085.51
01/05/2015;2108.29
04/05/2015;2114.49
05/05/2015;2089.46
06/05/2015;2080.15
07/05/2015;2088.00
08/05/2015;2116.10
11/05/2015;2105.33
12/05/2015;2099.12
13/05/2015;2098.48
14/05/2015;2121.10
15/05/2015;2122.73
18/05/2015;2129.20
19/05/2015;2127.83
20/05/2015;2125.85
21/05/2015;2130.82
22/05/2015;2126.06
26/05/2015;2104.20
27/05/2015;2123.48
28/05/2015;2120.79
29/05/2015;2107.39
01/06/2015;2111.73
02/06/2015;2109.60
03/06/2015;2114.07
04/06/2015;2095.84
05/06/2015;2092.83
08/06/2015;2079.28
09/06/2015;2080.15
10/06/2015;2105.20
11/06/2015;2108.86
12/06/2015;2094.11
15/06/2015;2084.43
16/06/2015;2096.29
17/06/2015;2100.44
18/06/2015;2121.24
19/06/2015;2109.99
22/06/2015;2122.85
23/06/2015;2124.20
24/06/2015;2108.58
25/06/2015;2102.31
26/06/2015;2101.49
29/06/2015;2057.64
30/06/2015;2063.11
01/07/2015;2077.42
02/07/2015;2076.78
06/07/2015;2068.76
07/07/2015;2081.34
08/07/2015;2046.68
09/07/2015;2051.31
10/07/2015;2076.62
13/07/2015;2099.60
14/07/2015;2108.95
15/07/2015;2107.40
16/07/2015;2124.29
17/07/2015;2126.64
20/07/2015;2128.28
21/07/2015;2119.21
22/07/2015;2114.15
23/07/2015;2102.15
24/07/2015;2079.65
27/07/2015;2067.64
28/07/2015;2093.25
29/07/2015;2108.57
30/07/2015;2108.63
31/07/2015;2103.84
03/08/2015;2098.04
04/08/2015;2093.32
05/08/2015;2099.84
06/08/2015;2083.56
07/08/2015;2077.57
10/08/2015;2104.18
11/08/2015;2084.07
12/08/2015;2086.05
13/08/2015;2083.39
14/08/2015;2091.54
17/08/2015;2102.44
18/08/2015;2096.92
19/08/2015;2079.61
20/08/2015;2035.73
21/08/2015;1970.89
24/08/2015;1893.21
25/08/2015;1867.61
26/08/2015;1940.51
27/08/2015;1987.66
28/08/2015;1988.87
31/08/2015;1972.18
01/09/2015;1913.85
02/09/2015;1948.86
03/09/2015;1951.13
04/09/2015;1921.22
08/09/2015;1969.41
09/09/2015;1942.04
10/09/2015;1952.29
11/09/2015;1961.05
14/09/2015;1953.03
15/09/2015;1978.09
16/09/2015;1995.31
17/09/2015;1990.20
18/09/2015;1958.03
21/09/2015;1966.97
22/09/2015;1942.74
23/09/2015;1938.76
24/09/2015;1932.24
25/09/2015;1931.34
28/09/2015;1881.77
29/09/2015;1884.09
30/09/2015;1920.03
01/10/2015;1923.82
02/10/2015;1951.36
05/10/2015;1987.05
06/10/2015;1979.92
07/10/2015;1995.83
08/10/2015;2013.43
09/10/2015;2014.89
12/10/2015;2017.46
13/10/2015;2003.69
14/10/2015;1994.24
15/10/2015;2023.86
16/10/2015;2033.11
19/10/2015;2033.66
20/10/2015;2030.77
21/10/2015;2018.94
22/10/2015;2052.51
23/10/2015;2075.15
26/10/2015;2071.18
27/10/2015;2065.89
28/10/2015;2090.35
29/10/2015;2089.41
30/10/2015;2079.36
02/11/2015;2104.05
03/11/2015;2109.79
04/11/2015;2102.31
05/11/2015;2099.93
06/11/2015;2099.20
09/11/2015;2078.58
10/11/2015;2081.72
11/11/2015;2075.00
12/11/2015;2045.97
13/11/2015;2023.04
16/11/2015;2053.19
17/11/2015;2050.44
18/11/2015;2083.58
19/11/2015;2081.24
20/11/2015;2089.17
23/11/2015;2086.59
24/11/2015;2089.14
25/11/2015;2088.87
27/11/2015;2090.11
30/11/2015;2080.41
01/12/2015;2102.63
02/12/2015;2079.51
03/12/2015;2049.62
04/12/2015;2091.69
07/12/2015;2077.07
08/12/2015;2063.59
09/12/2015;2047.62
10/12/2015;2052.23
11/12/2015;2012.37
14/12/2015;2021.94
15/12/2015;2043.41
16/12/2015;2073.07
17/12/2015;2041.89
18/12/2015;2005.55
21/12/2015;2021.15
22/12/2015;2038.97
23/12/2015;2064.29
24/12/2015;2060.99
28/12/2015;2056.50
29/12/2015;2078.36
30/12/2015;2063.36
31/12/2015;2043.94
04/01/2016;2012.66
05/01/2016;2016.71
06/01/2016;1990.26
07/01/2016;1943.09
08/01/2016;1922.03
11/01/2016;1923.67
12/01/2016;1938.68
13/01/2016;1890.28
14/01/2016;1921.84
15/01/2016;1880.33
19/01/2016;1881.33
20/01/2016;1859.33
21/01/2016;1868.99
22/01/2016;1906.90
25/01/2016;1877.08
26/01/2016;1903.63
27/01/2016;1882.95
28/01/2016;1893.36
29/01/2016;1940.24
01/02/2016;1939.38
02/02/2016;1903.03
03/02/2016;1912.53
04/02/2016;1915.45
05/02/2016;1880.05
08/02/2016;1853.44
09/02/2016;1852.21
10/02/2016;1851.86
11/02/2016;1829.08
12/02/2016;1864.78
16/02/2016;1895.58
17/02/2016;1926.82
18/02/2016;1917.83
19/02/2016;1917.78
22/02/2016;1945.50
23/02/2016;1921.27
24/02/2016;1929.80
25/02/2016;1951.70
26/02/2016;1948.05
29/02/2016;1932.23
01/03/2016;1978.35
02/03/2016;1986.45
03/03/2016;1993.40
04/03/2016;1999.99
07/03/2016;2001.76
08/03/2016;1979.26
09/03/2016;1989.26
10/03/2016;1989.57
11/03/2016;2022.19
14/03/2016;2019.64
15/03/2016;2015.93
16/03/2016;2027.22
17/03/2016;2040.59
18/03/2016;2049.58
21/03/2016;2051.60
22/03/2016;2049.80
23/03/2016;2036.71
24/03/2016;2035.94
28/03/2016;2037.05
29/03/2016;2055.01
30/03/2016;2063.95
31/03/2016;2059.74
01/04/2016;2072.78
04/04/2016;2066.13
05/04/2016;2045.17
06/04/2016;2066.66
07/04/2016;2041.91
08/04/2016;2047.60
11/04/2016;2041.99
12/04/2016;2061.72
13/04/2016;2082.42
14/04/2016;2082.78
15/04/2016;2080.73
18/04/2016;2094.34
19/04/2016;2100.80
20/04/2016;2102.40
21/04/2016;2091.48
22/04/2016;2091.58
25/04/2016;2087.79
26/04/2016;2091.70
27/04/2016;2095.15
28/04/2016;2075.81
29/04/2016;2065.30
02/05/2016;2081.43
03/05/2016;2063.37
04/05/2016;2051.12
05/05/2016;2050.63
06/05/2016;2057.14
09/05/2016;2058.69
10/05/2016;2084.39
11/05/2016;2064.46
12/05/2016;2064.11
13/05/2016;2046.61
16/05/2016;2066.66
17/05/2016;2047.21
18/05/2016;2047.63
19/05/2016;2040.04
20/05/2016;2052.32
23/05/2016;2048.04
24/05/2016;2076.06
25/05/2016;2090.54
26/05/2016;2090.10
27/05/2016;2099.06
31/05/2016;2096.96
01/06/2016;2099.33
02/06/2016;2105.26
03/06/2016;2099.13
06/06/2016;2109.41
07/06/2016;2112.13
08/06/2016;2119.12
09/06/2016;2115.48
10/06/2016;2096.07
13/06/2016;2079.06
14/06/2016;2075.32
15/06/2016;2071.50
16/06/2016;2077.99
17/06/2016;2071.22
20/06/2016;2083.25
21/06/2016;2088.90
22/06/2016;2085.45
23/06/2016;2113.32
24/06/2016;2037.41
27/06/2016;2000.54
28/06/2016;2036.09
29/06/2016;2070.77
30/06/2016;2098.86
01/07/2016;2102.95
05/07/2016;2088.55
06/07/2016;2099.73
07/07/2016;2097.90
08/07/2016;2129.90
11/07/2016;2137.16
12/07/2016;2152.14
13/07/2016;2152.43
14/07/2016;2163.75
15/07/2016;2161.74
18/07/2016;2166.89
19/07/2016;2163.78
20/07/2016;2173.02
21/07/2016;2165.17
22/07/2016;2175.03
25/07/2016;2168.48
26/07/2016;2169.18
27/07/2016;2166.58
28/07/2016;2170.06
29/07/2016;2173.60
01/08/2016;2170.84
02/08/2016;2157.03
03/08/2016;2163.79
04/08/2016;2164.25
05/08/2016;2182.87
08/08/2016;2180.89
09/08/2016;2181.74
10/08/2016;2175.49
11/08/2016;2185.79
12/08/2016;2184.05
15/08/2016;2190.15
16/08/2016;2178.15
17/08/2016;2182.22
18/08/2016;2187.02
19/08/2016;2183.87
22/08/2016;2182.64
23/08/2016;2186.90
24/08/2016;2175.44
25/08/2016;2172.47
26/08/2016;2169.04
29/08/2016;2180.38
30/08/2016;2176.12
31/08/2016;2170.95
01/09/2016;2170.86
02/09/2016;2179.98
06/09/2016;2186.48
07/09/2016;2186.16
08/09/2016;2181.30
09/09/2016;2127.81
12/09/2016;2159.04
13/09/2016;2127.02
14/09/2016;2125.77
15/09/2016;2147.26
16/09/2016;2139.16
19/09/2016;2139.12
20/09/2016;2139.76
21/09/2016;2163.12
22/09/2016;2177.18
23/09/2016;2164.69
26/09/2016;2146.10
27/09/2016;2159.93
28/09/2016;2171.37
29/09/2016;2151.13
30/09/2016;2168.27
03/10/2016;2161.20
04/10/2016;2150.49
05/10/2016;2159.73
06/10/2016;2160.77
07/10/2016;2153.74
10/10/2016;2163.66
11/10/2016;2136.73
12/10/2016;2139.18
13/10/2016;2132.55
14/10/2016;2132.98
17/10/2016;2126.50
18/10/2016;2139.60
19/10/2016;2144.29
20/10/2016;2141.34
21/10/2016;2141.16
24/10/2016;2151.33
25/10/2016;2143.16
26/10/2016;2139.43
27/10/2016;2133.04
28/10/2016;2126.41
31/10/2016;2126.15
01/11/2016;2111.72
02/11/2016;2097.94
03/11/2016;2088.66
04/11/2016;2085.18
07/11/2016;2131.52
08/11/2016;2139.56
09/11/2016;2163.26
10/11/2016;2167.48
11/11/2016;2164.45
14/11/2016;2164.20
15/11/2016;2180.39
16/11/2016;2176.94
17/11/2016;2187.12
18/11/2016;2181.90
21/11/2016;2198.18
22/11/2016;2202.94
23/11/2016;2204.72
25/11/2016;2213.35
28/11/2016;2201.72
29/11/2016;2204.66
30/11/2016;2198.81
01/12/2016;2191.08
02/12/2016;2191.95
05/12/2016;2204.71
06/12/2016;2212.23
07/12/2016;2241.35
08/12/2016;2246.19
09/12/2016;2259.53
12/12/2016;2256.96
13/12/2016;2271.72
14/12/2016;2253.28
15/12/2016;2262.03
16/12/2016;2258.07
19/12/2016;2262.53
20/12/2016;2270.76
21/12/2016;2265.18
22/12/2016;2260.96
23/12/2016;2263.79
27/12/2016;2268.88
28/12/2016;2249.92
29/12/2016;2249.26
30/12/2016;2238.83
03/01/2017;2257.83
04/01/2017;2270.75
05/01/2017;2269.00
06/01/2017;2276.98
09/01/2017;2268.90
10/01/2017;2268.90
11/01/2017;2275.32
12/01/2017;2270.44
13/01/2017;2274.64
17/01/2017;2267.89
18/01/2017;2271.89
19/01/2017;2263.69
20/01/2017;2271.31
23/01/2017;2265.20
24/01/2017;2280.07
25/01/2017;2298.37
26/01/2017;2296.68
27/01/2017;2294.69
30/01/2017;2280.90
31/01/2017;2278.87
01/02/2017;2279.55
02/02/2017;2280.85
03/02/2017;2297.42
06/02/2017;2292.56
07/02/2017;2293.08
08/02/2017;2294.67
09/02/2017;2307.87
10/02/2017;2316.10
13/02/2017;2328.25
14/02/2017;2337.58
15/02/2017;2349.25
16/02/2017;2347.22
17/02/2017;2351.16
21/02/2017;2365.38
22/02/2017;2362.82
23/02/2017;2363.81
24/02/2017;2367.34
27/02/2017;2369.75
28/02/2017;2363.64
01/03/2017;2395.96
02/03/2017;2381.92
03/03/2017;2383.12
06/03/2017;2375.31
07/03/2017;2368.39
08/03/2017;2362.98
09/03/2017;2364.87
10/03/2017;2372.60
13/03/2017;2373.47
14/03/2017;2365.45
15/03/2017;2385.26
16/03/2017;2381.38
17/03/2017;2378.25
20/03/2017;2373.47
21/03/2017;2344.02
22/03/2017;2348.45
23/03/2017;2345.96
24/03/2017;2343.98
27/03/2017;2341.59
28/03/2017;2358.57
29/03/2017;2361.13
30/03/2017;2368.06
31/03/2017;2362.72
03/04/2017;2358.84
04/04/2017;2360.16
05/04/2017;2352.95
06/04/2017;2357.49
07/04/2017;2355.54
10/04/2017;2357.16
11/04/2017;2353.78
12/04/2017;2344.93
13/04/2017;2328.95
17/04/2017;2349.01
18/04/2017;2342.19
19/04/2017;2338.17
20/04/2017;2355.84
21/04/2017;2348.69
24/04/2017;2374.15
25/04/2017;2388.61
26/04/2017;2387.45
27/04/2017;2388.77
28/04/2017;2384.20
01/05/2017;2388.33
02/05/2017;2391.17
03/05/2017;2388.13
04/05/2017;2389.52
05/05/2017;2399.29
08/05/2017;2399.38
09/05/2017;2396.92
10/05/2017;2399.63
11/05/2017;2394.44
12/05/2017;2390.90
15/05/2017;2402.32
16/05/2017;2400.67
17/05/2017;2357.03
18/05/2017;2365.72
19/05/2017;2381.73
22/05/2017;2394.02
23/05/2017;2398.42
24/05/2017;2404.39
25/05/2017;2415.07
26/05/2017;2415.82
30/05/2017;2412.91
31/05/2017;2411.80
01/06/2017;2430.06
02/06/2017;2439.07
05/06/2017;2436.10
06/06/2017;2429.33
07/06/2017;2433.14
08/06/2017;2433.79
09/06/2017;2431.77
12/06/2017;2429.39
13/06/2017;2440.35
14/06/2017;2437.92
15/06/2017;2432.46
16/06/2017;2433.15
19/06/2017;2453.46
20/06/2017;2437.03
21/06/2017;2435.61
22/06/2017;2434.50
23/06/2017;2438.30
26/06/2017;2439.07
27/06/2017;2419.38
28/06/2017;2440.69
29/06/2017;2419.70
30/06/2017;2423.41
03/07/2017;2429.01
05/07/2017;2432.54
06/07/2017;2409.75
07/07/2017;2425.18
10/07/2017;2427.43
11/07/2017;2425.53
12/07/2017;2443.25
13/07/2017;2447.83
14/07/2017;2459.27
17/07/2017;2459.14
18/07/2017;2460.61
19/07/2017;2473.83
20/07/2017;2473.45
21/07/2017;2472.54
24/07/2017;2469.91
25/07/2017;2477.13
26/07/2017;2477.83
27/07/2017;2475.42
28/07/2017;2472.10
31/07/2017;2470.30
01/08/2017;2476.35
02/08/2017;2477.57
03/08/2017;2472.16
04/08/2017;2476.83
07/08/2017;2480.91
08/08/2017;2474.92
09/08/2017;2474.02
10/08/2017;2438.21
11/08/2017;2441.32
14/08/2017;2465.84
15/08/2017;2464.61
16/08/2017;2468.11
17/08/2017;2430.01
18/08/2017;2425.55
21/08/2017;2428.37
22/08/2017;2452.51
23/08/2017;2444.04
24/08/2017;2438.97
25/08/2017;2443.05
28/08/2017;2444.24
29/08/2017;2446.30
30/08/2017;2457.59
31/08/2017;2471.65
01/09/2017;2476.55
05/09/2017;2457.85
06/09/2017;2465.54
07/09/2017;2465.10
08/09/2017;2461.43
11/09/2017;2488.11
12/09/2017;2496.48
13/09/2017;2498.37
14/09/2017;2495.62
15/09/2017;2500.23
18/09/2017;2503.87
19/09/2017;2506.65
20/09/2017;2508.24
21/09/2017;2500.60
22/09/2017;2502.22
25/09/2017;2496.66
26/09/2017;2496.84
27/09/2017;2507.04
28/09/2017;2510.06
29/09/2017;2519.36
02/10/2017;2529.12
03/10/2017;2534.58
04/10/2017;2537.74
05/10/2017;2552.07
06/10/2017;2549.33
09/10/2017;2544.73
10/10/2017;2550.64
11/10/2017;2555.24
12/10/2017;2550.93
13/10/2017;2553.17
16/10/2017;2557.64
17/10/2017;2559.36
18/10/2017;2561.26
19/10/2017;2562.10
20/10/2017;2575.21
23/10/2017;2564.98
24/10/2017;2569.13
25/10/2017;2557.15
26/10/2017;2560.40
27/10/2017;2581.07
30/10/2017;2572.83
31/10/2017;2575.26
01/11/2017;2579.36
02/11/2017;2579.85
03/11/2017;2587.84
06/11/2017;2591.13
07/11/2017;2590.64
08/11/2017;2594.38
09/11/2017;2584.62
10/11/2017;2582.30
13/11/2017;2584.84
14/11/2017;2578.87
15/11/2017;2564.62
16/11/2017;2585.64
17/11/2017;2578.85
20/11/2017;2582.14
21/11/2017;2599.03
22/11/2017;2597.08
24/11/2017;2602.42
27/11/2017;2601.42
28/11/2017;2627.04
29/11/2017;2626.07
30/11/2017;2647.58
01/12/2017;2642.22
04/12/2017;2639.44
05/12/2017;2629.57
06/12/2017;2629.27
07/12/2017;2636.98
08/12/2017;2651.50
11/12/2017;2659.99
12/12/2017;2664.11
13/12/2017;2662.85
14/12/2017;2652.01
15/12/2017;2675.81
18/12/2017;2690.16
19/12/2017;2681.47
20/12/2017;2679.25
21/12/2017;2684.57
22/12/2017;2683.34
26/12/2017;2680.50
27/12/2017;2682.62
28/12/2017;2687.54
29/12/2017;2673.61
02/01/2018;2695.81
03/01/2018;2713.06
04/01/2018;2723.99
05/01/2018;2743.15
08/01/2018;2747.71
09/01/2018;2751.29
10/01/2018;2748.23
11/01/2018;2767.56
12/01/2018;2786.24
16/01/2018;2776.42
17/01/2018;2802.56
18/01/2018;2798.03
19/01/2018;2810.30
22/01/2018;2832.97
23/01/2018;2839.13
24/01/2018;2837.54
25/01/2018;2839.25
26/01/2018;2872.87
29/01/2018;2853.53
30/01/2018;2822.43
31/01/2018;2823.81
01/02/2018;2821.98
02/02/2018;2762.13
05/02/2018;2648.94
06/02/2018;2695.14
07/02/2018;2681.66
08/02/2018;2581.00
09/02/2018;2619.55
12/02/2018;2656.00
13/02/2018;2662.94
14/02/2018;2698.63
15/02/2018;2731.20
16/02/2018;2732.22
20/02/2018;2716.26
21/02/2018;2701.33
22/02/2018;2703.96
23/02/2018;2747.30
26/02/2018;2779.60
27/02/2018;2744.28
28/02/2018;2713.83
01/03/2018;2677.67
02/03/2018;2691.25
05/03/2018;2720.94
06/03/2018;2728.12
07/03/2018;2726.80
08/03/2018;2738.97
09/03/2018;2786.57
12/03/2018;2783.02
13/03/2018;2765.31
14/03/2018;2749.48
15/03/2018;2747.33
16/03/2018;2752.01
19/03/2018;2712.92
20/03/2018;2716.94
21/03/2018;2711.93
22/03/2018;2643.69
23/03/2018;2588.26
26/03/2018;2658.55
27/03/2018;2612.62
28/03/2018;2605.00
29/03/2018;2640.87
02/04/2018;2581.88
03/04/2018;2614.45
04/04/2018;2644.69
05/04/2018;2662.84
06/04/2018;2604.47
09/04/2018;2613.16
10/04/2018;2656.87
11/04/2018;2642.19
12/04/2018;2663.99
13/04/2018;2656.30
16/04/2018;2677.84
17/04/2018;2706.39
18/04/2018;2708.64
19/04/2018;2693.13
20/04/2018;2670.14
23/04/2018;2670.29
24/04/2018;2634.56
25/04/2018;2639.40
26/04/2018;2666.94
27/04/2018;2669.91
30/04/2018;2648.05
01/05/2018;2654.80
02/05/2018;2635.67
03/05/2018;2629.73
04/05/2018;2663.42
07/05/2018;2672.63
08/05/2018;2671.92
09/05/2018;2697.79
10/05/2018;2723.07
11/05/2018;2727.72
14/05/2018;2730.13
15/05/2018;2711.45
16/05/2018;2722.46
17/05/2018;2720.13
18/05/2018;2712.97
21/05/2018;2733.01
22/05/2018;2724.44
23/05/2018;2733.29
24/05/2018;2727.76
25/05/2018;2721.33
29/05/2018;2689.86
30/05/2018;2724.01
31/05/2018;2705.27
01/06/2018;2734.62
04/06/2018;2746.87
05/06/2018;2748.80
06/06/2018;2772.35
07/06/2018;2770.37
08/06/2018;2779.03
11/06/2018;2782.00
12/06/2018;2786.85
13/06/2018;2775.63
14/06/2018;2782.49
15/06/2018;2779.66
18/06/2018;2773.75
19/06/2018;2762.59
20/06/2018;2767.32
21/06/2018;2749.76
22/06/2018;2754.88
25/06/2018;2717.07
26/06/2018;2723.06
27/06/2018;2699.63
28/06/2018;2716.31
29/06/2018;2718.37
02/07/2018;2726.71
03/07/2018;2713.22
05/07/2018;2736.61
06/07/2018;2759.82
09/07/2018;2784.17
10/07/2018;2793.84
11/07/2018;2774.02
12/07/2018;2798.29
13/07/2018;2801.31
16/07/2018;2798.43
17/07/2018;2809.55
18/07/2018;2815.62
19/07/2018;2804.49
20/07/2018;2801.83
23/07/2018;2806.98
24/07/2018;2820.40
25/07/2018;2846.07
26/07/2018;2837.44
27/07/2018;2818.82
30/07/2018;2802.60
31/07/2018;2816.29
01/08/2018;2813.36
02/08/2018;2827.22
03/08/2018;2840.35
06/08/2018;2850.40
07/08/2018;2858.45
08/08/2018;2857.70
09/08/2018;2853.58
10/08/2018;2833.28
13/08/2018;2821.93
14/08/2018;2839.96
15/08/2018;2818.37
16/08/2018;2840.69
17/08/2018;2850.13
20/08/2018;2857.05
21/08/2018;2862.96
22/08/2018;2861.82
23/08/2018;2856.98
24/08/2018;2874.69
27/08/2018;2896.74
28/08/2018;2897.52
29/08/2018;2914.04
30/08/2018;2901.13
31/08/2018;2901.52
04/09/2018;2896.72
05/09/2018;2888.60
06/09/2018;2878.05
07/09/2018;2871.68
10/09/2018;2877.13
11/09/2018;2887.89
12/09/2018;2888.92
13/09/2018;2904.18
14/09/2018;2904.98
17/09/2018;2888.80
18/09/2018;2904.31
19/09/2018;2907.95
20/09/2018;2930.75
21/09/2018;2929.67
24/09/2018;2919.37
25/09/2018;2915.56
26/09/2018;2905.97
27/09/2018;2914.00
28/09/2018;2913.98
01/10/2018;2924.59
02/10/2018;2923.43
03/10/2018;2925.51
04/10/2018;2901.61
05/10/2018;2885.57
08/10/2018;2884.43
09/10/2018;2880.34
10/10/2018;2785.68
11/10/2018;2728.37
12/10/2018;2767.13
15/10/2018;2750.79
16/10/2018;2809.92
17/10/2018;2809.21
18/10/2018;2768.78
19/10/2018;2767.78
22/10/2018;2755.88
23/10/2018;2740.69
24/10/2018;2656.10
25/10/2018;2705.57
26/10/2018;2658.69
29/10/2018;2641.25
30/10/2018;2682.63
31/10/2018;2711.74
01/11/2018;2740.37
02/11/2018;2723.06
05/11/2018;2738.31
06/11/2018;2755.45
07/11/2018;2813.89
08/11/2018;2806.83
09/11/2018;2781.01
12/11/2018;2726.22
13/11/2018;2722.18
14/11/2018;2701.58
15/11/2018;2730.20
16/11/2018;2736.27
19/11/2018;2690.73
20/11/2018;2641.89
21/11/2018;2649.93
23/11/2018;2632.56
26/11/2018;2673.45
27/11/2018;2682.17
28/11/2018;2743.79
29/11/2018;2737.76
30/11/2018;2760.17
03/12/2018;2790.37
04/12/2018;2700.06
06/12/2018;2695.95
07/12/2018;2633.08
10/12/2018;2637.72
11/12/2018;2636.78
12/12/2018;2651.07
13/12/2018;2650.54
14/12/2018;2599.95
17/12/2018;2545.94
18/12/2018;2546.16
19/12/2018;2506.96
20/12/2018;2467.42
21/12/2018;2416.62
24/12/2018;2351.10
26/12/2018;2467.70
27/12/2018;2488.83
28/12/2018;2485.74
31/12/2018;2506.85
02/01/2019;2510.03
03/01/2019;2447.89
04/01/2019;2531.94
07/01/2019;2549.69
08/01/2019;2574.41
09/01/2019;2584.96
10/01/2019;2596.64
11/01/2019;2596.26
14/01/2019;2582.61
15/01/2019;2610.30
16/01/2019;2616.10
17/01/2019;2635.96
18/01/2019;2670.71
22/01/2019;2632.90
23/01/2019;2638.70
24/01/2019;2642.33
25/01/2019;2664.76
28/01/2019;2643.85
29/01/2019;2640.00
30/01/2019;2681.05
31/01/2019;2704.10
01/02/2019;2706.53
04/02/2019;2724.87
05/02/2019;2737.70
06/02/2019;2731.61
07/02/2019;2706.05
08/02/2019;2707.88
11/02/2019;2709.80
12/02/2019;2744.73
13/02/2019;2753.03
14/02/2019;2745.73
15/02/2019;2775.60
19/02/2019;2779.76
20/02/2019;2784.70
21/02/2019;2774.88
22/02/2019;2792.67
25/02/2019;2796.11
26/02/2019;2793.90
27/02/2019;2792.38
28/02/2019;2784.49
01/03/2019;2803.69
04/03/2019;2792.81
05/03/2019;2789.65
06/03/2019;2771.45
07/03/2019;2748.93
08/03/2019;2743.07
11/03/2019;2783.30
12/03/2019;2791.52
13/03/2019;2810.92
14/03/2019;2808.48
15/03/2019;2822.48
18/03/2019;2832.94
19/03/2019;2832.57
20/03/2019;2824.23
21/03/2019;2854.88
22/03/2019;2800.71
25/03/2019;2798.36
26/03/2019;2818.46
27/03/2019;2805.37
28/03/2019;2815.44
29/03/2019;2834.40
01/04/2019;2867.19
02/04/2019;2867.24
03/04/2019;2873.40
04/04/2019;2879.39
05/04/2019;2892.74
08/04/2019;2895.77
09/04/2019;2878.20
10/04/2019;2888.21
11/04/2019;2888.32
12/04/2019;2907.41
15/04/2019;2905.58
16/04/2019;2907.06
17/04/2019;2900.45
18/04/2019;2905.03
22/04/2019;2907.97
23/04/2019;2933.68
24/04/2019;2927.25
25/04/2019;2926.17
26/04/2019;2939.88
29/04/2019;2943.03
30/04/2019;2945.83
01/05/2019;2923.73
02/05/2019;2917.52
03/05/2019;2945.64
06/05/2019;2932.47
07/05/2019;2884.05
08/05/2019;2879.42
09/05/2019;2870.72
10/05/2019;2881.40
13/05/2019;2811.87
14/05/2019;2834.41
15/05/2019;2850.96
16/05/2019;2876.32
17/05/2019;2859.53
20/05/2019;2840.23
