Data;Valor;L;B;S;F;E;E%
21/05/2009;88833;0;0;0,9419290047949609024361709635;0;0;0
22/05/2009;887;0;0;0,0093861363368342536246206245;0;0;0
26/05/2009;91033;0;0;0,9515735225352901154227020512;0;0;0
27/05/2009;89306;0;0;0,9322269994792313036499042551;0;0;0
28/05/2009;90683;0;0;0,9451522480670427679634884891;0;0;0
29/05/2009;91914;0;0;0,9565022533522777728443299884;0;0;0
01/06/2009;94287;0;0;0,9796610623451426840387780844;0;0;0
02/06/2009;94474;0;0;0,9803058219904197589963056338;0;0;0
03/06/2009;93176;0;0;0,9654931506360390952744391231;0;0;0
04/06/2009;94246;0;0;0,9750119661719422809799708582;0;0;0
05/06/2009;94009;0;0;0,9710673728841279771814127953;0;0;0
08/06/2009;93914;0;0;0,9686064059676787406028759116;0;0;0
09/06/2009;94243;0;0;0,9702997027396343531627027185;0;0;0
10/06/2009;93915;0;0;0,9652208290871618155632102107;0;0;0
11/06/2009;94489;0;0;0,9694757985312185318318636361;0;0;0
12/06/2009;94621;0;0;0,9691395179481471795524852844;0;0;0
15/06/2009;92372;0;0;0,944547481874779300186739878;0;0;0
16/06/2009;91197;0;0;0,9308649026529161481793325769;0;0;0
17/06/2009;91071;0;0;0,9276751163783004976565886586;0;0;0
18/06/2009;91837;0;0;0,9336930440329681588929610263;0;0;0
19/06/2009;92123;0;0;0,9350313747687110987208188599;0;0;0
22/06/2009;89304;0;0;0,9049679807462245429339488537;0;0;0
23/06/2009;8951;0;0;0,0905530300458593393638323381;0;0;0
24/06/2009;90094;0;0;0,9015416287802727019831234043;0;0;0
25/06/2009;92026;0;0;0,919491815670885623444147051;0;0;0
26/06/2009;9189;0;0;0,0916884789109624723704489056;0;0;0
29/06/2009;92723;0;0;0,9155181827846066535726906014;0;0;0
30/06/2009;91932;0;0;0,9065219249133894156497272944;0;0;0
01/07/2009;92333;0;0;0,909008967717594943922914011;0;0;0
02/07/2009;89642;0;0;0,8811094505824785930871430962;0;0;0
06/07/2009;89872;0;0;0,8814769398697958839387824003;0;0;0
07/07/2009;88103;0;0;0,86230054473484427082296819;0;0;0
08/07/2009;87956;0;0;0,8588305967377838311744600954;0;0;0
09/07/2009;88268;0;0;0,859939473905550325346430542;0;0;0
10/07/2009;87913;0;0;0,8545309960094303115893060206;0;0;0
13/07/2009;90105;0;0;0,8736658185823546750647698537;0;0;0
14/07/2009;90584;0;0;0,8763344990117728398607635389;0;0;0
15/07/2009;93268;0;0;0,9003263716883259242129952542;0;0;0
16/07/2009;94074;0;0;0,9065294908016271717510341136;0;0;0
17/07/2009;94038;0;0;0,9047233450974669965541404031;0;0;0
20/07/2009;95113;0;0;0,9134461836688242847223504211;0;0;0
21/07/2009;95458;0;0;0,9152503695903893395185103076;0;0;0
22/07/2009;95407;0;0;0,9132431601127718310362475416;0;0;0
23/07/2009;97629;0;0;0,9331484724551273405415623683;0;0;0
24/07/2009;97926;0;0;0,9348024570153830749688375847;0;0;0
27/07/2009;98218;0;0;0,9363028260613512320325932128;0;0;0
28/07/2009;97962;0;0;0,9326072676383507392351557963;0;0;0
29/07/2009;97515;0;0;0,9271719425463673127876167898;0;0;0
30/07/2009;98675;0;0;0,9369062739250937064521754488;0;0;0
31/07/2009;98748;0;0;0,9364484498263676138536274296;0;0;0
03/08/2009;100263;0;0;0,9497701217537414091024438846;0;0;0
04/08/2009;100565;0;0;0,9516961259931541095058574287;0;0;0
05/08/2009;100272;0;0;0,9479594378134814637253055467;0;0;0
06/08/2009;99708;0;0;0,9416018643753010145567754114;0;0;0
07/08/2009;101048;0;0;0,9530859079144323715860441022;0;0;0
10/08/2009;100710;0;0;0,9489287686257069147141906828;0;0;0
11/08/2009;99435;0;0;0,9359150028979517306450604199;0;0;0
12/08/2009;100581;0;0;0,9456954007684208030025598356;0;0;0
13/08/2009;101273;0;0;0,9512412379138916473113252099;0;0;0
14/08/2009;100409;0;0;0,9421295912581213080165477173;0;0;0
17/08/2009;97973;0;0;0,9181822063063804175444040532;0;0;0
18/08/2009;98967;0;0;0,926139312843752807418572384;0;0;0
19/08/2009;99646;0;0;0,9311688218645160131437286687;0;0;0
20/08/2009;100737;0;0;0,9400821572451556061375404401;0;0;0
21/08/2009;102613;0;0;0,9564106398543838529787267535;0;0;0
24/08/2009;102557;0;0;0,9548969124158748186057646201;0;0;0
25/08/2009;102800;0;0;0,956273732425679484579620951;0;0;0
26/08/2009;102812;0;0;0,9553486517496729407190276074;0;0;0
27/08/2009;103098;0;0;0,9569352232319791493599733427;0;0;0
28/08/2009;102893;0;0;0,953987989503254813094332147;0;0;0
31/08/2009;102062;0;0;0,945185287321785685437296807;0;0;0
01/09/2009;99804;0;0;0,9230929547769379062455906402;0;0;0
02/09/2009;99475;0;0;0,9186439234465962384108134787;0;0;0
03/09/2009;100324;0;0;0,9251414122598481397394731552;0;0;0
04/09/2009;101640;0;0;0,935911027678927146146626061;0;0;0
08/09/2009;102539;0;0;0,942915101869664210808961735;0;0;0
09/09/2009;103337;0;0;0,9491802435448848348423743116;0;0;0
10/09/2009;104414;0;0;0,9579303161418973896127222511;0;0;0
11/09/2009;104273;0;0;0,9557219254386643843707812899;0;0;0
14/09/2009;104934;0;0;0,9610585498101249785406677116;0;0;0
15/09/2009;105263;0;0;0,9636557698432372231058810174;0;0;0
16/09/2009;106876;0;0;0,9779831677136347701320050138;0;0;0
17/09/2009;106549;0;0;0,9747589000505706349791237303;0;0;0
18/09/2009;106830;0;0;0,9770117161738641262011318854;0;0;0
21/09/2009;106466;0;0;0,9735222044614662319689747036;0;0;0
22/09/2009;107166;0;0;0,9798312993283872455546672058;0;0;0
23/09/2009;106087;0;0;0,9697931677118943877655183635;0;0;0
24/09/2009;105078;0;0;0,9601554114394807922620795357;0;0;0
25/09/2009;104438;0;0;0,9538570575266096874423464383;0;0;0
28/09/2009;106298;0;0;0,9706603831111452922390046825;0;0;0
29/09/2009;106061;0;0;0;0;0;0
30/09/2009;105708;0;0;0;0;0;0
01/10/2009;102985;0;0;0;0;0;0
02/10/2009;102521;0;0;0;0;0;0
05/10/2009;104046;0;0;0;0;0;0
06/10/2009;105472;0;0;0;0;0;0
07/10/2009;105758;0;0;0;0;0;0
08/10/2009;106548;0;0;0;0;0;0
09/10/2009;107149;0;0;0;0;0;0
12/10/2009;107619;0;0;0;0;0;0
13/10/2009;107319;0;0;0;0;0;0
14/10/2009;109202;0;0;0;0;0;0
15/10/2009;109656;0;0;0;0;0;0
16/10/2009;108768;0;0;0;0;0;0
19/10/2009;109791;0;0;0;0;0;0
20/10/2009;109106;0;0;0;0;0;0
21/10/2009;108140;0;0;0;0;0;0
22/10/2009;109291;0;0;0;0;0;0
23/10/2009;107960;0;0;0;0;0;0
26/10/2009;106695;0;0;0;0;0;0
27/10/2009;106341;0;0;0;0;0;0
28/10/2009;104263;0;0;0;0;0;0
29/10/2009;106611;0;0;0;0;0;0
30/10/2009;103619;0;0;0;0;0;0
02/11/2009;104288;0;0;0;0;0;0
03/11/2009;104541;0;0;0;0;0;0
04/11/2009;104650;0;0;0;0;0;0
05/11/2009;106663;0;0;0;0;0;0
06/11/2009;106930;0;0;0;0;0;0
09/11/2009;109308;0;0;0;0;0;0
10/11/2009;109301;0;0;0;0;0;0
11/11/2009;109851;0;0;0;0;0;0
12/11/2009;108724;0;0;0;0;0;0
13/11/2009;109348;0;0;0;0;0;0
16/11/2009;110930;0;0;0;0;0;0
17/11/2009;111032;0;0;0;0;0;0
18/11/2009;110980;0;0;0;0;0;0
19/11/2009;109490;0;0;0;0;0;0
20/11/2009;109138;0;0;0;0;0;0
23/11/2009;110624;0;0;0;0;0;0
24/11/2009;110565;0;0;0;0;0;0
25/11/2009;111063;0;0;0;0;0;0
27/11/2009;109149;0;0;0;0;0;0
30/11/2009;109563;0;0;0;0;0;0
01/12/2009;110886;0;0;0;0;0;0
02/12/2009;110924;0;0;0;0;0;0
03/12/2009;109992;0;0;0;0;0;0
04/12/2009;110598;0;0;0;0;0;0
07/12/2009;110325;0;0;0;0;0;0
08/12/2009;109194;0;0;0;0;0;0
09/12/2009;109595;0;0;0;0;0;0
10/12/2009;110235;0;0;0;0;0;0
11/12/2009;110641;0;0;0;0;0;0
14/12/2009;111411;0;0;0;0;0;0
15/12/2009;110793;0;0;0;0;0;0
16/12/2009;110918;0;0;0;0;0;0
17/12/2009;109608;0;0;0;0;0;0
18/12/2009;110247;0;0;0;0;0;0
21/12/2009;111405;0;0;0;0;0;0
22/12/2009;111802;0;0;0;0;0;0
23/12/2009;112059;0;0;0;0;0;0
24/12/2009;112648;0;0;0;0;0;0
28/12/2009;112778;0;0;0;0;0;0
29/12/2009;112620;0;0;0;0;0;0
30/12/2009;112642;0;0;0;0;0;0
31/12/2009;111510;0;0;0;0;0;0
04/01/2010;113299;0;0;0;0;0;0
05/01/2010;113652;0;0;0;0;0;0
06/01/2010;113714;0;0;0;0;0;0
07/01/2010;114169;0;0;0;0;0;0
08/01/2010;114498;0;0;0;0;0;0
11/01/2010;114698;0;0;0;0;0;0
12/01/2010;113622;0;0;0;0;0;0
13/01/2010;114568;0;0;0;0;0;0
14/01/2010;114846;0;0;0;0;0;0
15/01/2010;113603;0;0;0;0;0;0
19/01/2010;115023;0;0;0;0;0;0
20/01/2010;113804;0;0;0;0;0;0
21/01/2010;111648;0;0;0;0;0;0
22/01/2010;109176;0;0;0;0;0;0
25/01/2010;109678;0;0;0;0;0;0
26/01/2010;109217;0;0;0;0;0;0
27/01/2010;109750;0;0;0;0;0;0
28/01/2010;108453;0;0;0;0;0;0
29/01/2010;107387;0;0;0;0;0;0
01/02/2010;108919;0;0;0;0;0;0
02/02/2010;110332;0;0;0;0;0;0
03/02/2010;109728;0;0;0;0;0;0
04/02/2010;106311;0;0;0;0;0;0
05/02/2010;106619;0;0;0;0;0;0
08/02/2010;105674;0;0;0;0;0;0
09/02/2010;107052;0;0;0;0;0;0
10/02/2010;106813;0;0;0;0;0;0
11/02/2010;107847;0;0;0;0;0;0
12/02/2010;107551;0;0;0;0;0;0
16/02/2010;109487;0;0;0;0;0;0
17/02/2010;109951;0;0;0;0;0;0
18/02/2010;110675;0;0;0;0;0;0
19/02/2010;110917;0;0;0;0;0;0
22/02/2010;110801;0;0;0;0;0;0
23/02/2010;109460;0;0;0;0;0;0
24/02/2010;110524;0;0;0;0;0;0
25/02/2010;110294;0;0;0;0;0;0
26/02/2010;110449;0;0;0;0;0;0
01/03/2010;111571;0;0;0;0;0;0
02/03/2010;111831;0;0;0;0;0;0
03/03/2010;111879;0;0;0;0;0;0
04/03/2010;112297;0;0;0;0;0;0
05/03/2010;113870;0;0;0;0;0;0
08/03/2010;113850;0;0;0;0;0;0
09/03/2010;114045;0;0;0;0;0;0
10/03/2010;114561;0;0;0;0;0;0
11/03/2010;115024;0;0;0;0;0;0
12/03/2010;114999;0;0;0;0;0;0
15/03/2010;115051;0;0;0;0;0;0
16/03/2010;115946;0;0;0;0;0;0
17/03/2010;116621;0;0;0;0;0;0
18/03/2010;116583;0;0;0;0;0;0
19/03/2010;115990;0;0;0;0;0;0
22/03/2010;116581;0;0;0;0;0;0
23/03/2010;117417;0;0;0;0;0;0
24/03/2010;116772;0;0;0;0;0;0
25/03/2010;116573;0;0;0;0;0;0
26/03/2010;116659;0;0;0;0;0;0
29/03/2010;117322;0;0;0;0;0;0
30/03/2010;117327;0;0;0;0;0;0
31/03/2010;116943;0;0;0;0;0;0
01/04/2010;117810;0;0;0;0;0;0
05/04/2010;118744;0;0;0;0;0;0
06/04/2010;118944;0;0;0;0;0;0
07/04/2010;118245;0;0;0;0;0;0
08/04/2010;118644;0;0;0;0;0;0
09/04/2010;119437;0;0;0;0;0;0
12/04/2010;119648;0;0;0;0;0;0
13/04/2010;119730;0;0;0;0;0;0
14/04/2010;121065;0;0;0;0;0;0
15/04/2010;121167;0;0;0;0;0;0
16/04/2010;119213;0;0;0;0;0;0
19/04/2010;119752;0;0;0;0;0;0
20/04/2010;120717;0;0;0;0;0;0
21/04/2010;120594;0;0;0;0;0;0
22/04/2010;120867;0;0;0;0;0;0
23/04/2010;121728;0;0;0;0;0;0
26/04/2010;121205;0;0;0;0;0;0
27/04/2010;118371;0;0;0;0;0;0
28/04/2010;119136;0;0;0;0;0;0
29/04/2010;120678;0;0;0;0;0;0
30/04/2010;118669;0;0;0;0;0;0
03/05/2010;120226;0;0;0;0;0;0
04/05/2010;117360;0;0;0;0;0;0
05/05/2010;116587;0;0;0;0;0;0
06/05/2010;112815;0;0;0;0;0;0
07/05/2010;111088;0;0;0;0;0;0
10/05/2010;115973;0;0;0;0;0;0
11/05/2010;115579;0;0;0;0;0;0
12/05/2010;117167;0;0;0;0;0;0
13/05/2010;115744;0;0;0;0;0;0
14/05/2010;113568;0;0;0;0;0;0
17/05/2010;113694;0;0;0;0;0;0
18/05/2010;112080;0;0;0;0;0;0
19/05/2010;111505;0;0;0;0;0;0
20/05/2010;107159;0;0;0;0;0;0
21/05/2010;108769;0;0;0;0;0;0
24/05/2010;107365;0;0;0;0;0;0
25/05/2010;107403;0;0;0;0;0;0
26/05/2010;106795;0;0;0;0;0;0
27/05/2010;110306;0;0;0;0;0;0
28/05/2010;108941;0;0;0;0;0;0
01/06/2010;107071;0;0;0;0;0;0
02/06/2010;109838;0;0;0;0;0;0
03/06/2010;110283;0;0;0;0;0;0
04/06/2010;106488;0;0;0;0;0;0
07/06/2010;105047;0;0;0;0;0;0
08/06/2010;106200;0;0;0;0;0;0
09/06/2010;105569;0;0;0;0;0;0
10/06/2010;108684;0;0;0;0;0;0
11/06/2010;109160;0;0;0;0;0;0
14/06/2010;108963;0;0;0;0;0;0
15/06/2010;111523;0;0;0;0;0;0
16/06/2010;111461;0;0;0;0;0;0
17/06/2010;111604;0;0;0;0;0;0
18/06/2010;111751;0;0;0;0;0;0
21/06/2010;111320;0;0;0;0;0;0
22/06/2010;109531;0;0;0;0;0;0
23/06/2010;109204;0;0;0;0;0;0
24/06/2010;107369;0;0;0;0;0;0
25/06/2010;107676;0;0;0;0;0;0
28/06/2010;107457;0;0;0;0;0;0
29/06/2010;104124;0;0;0;0;0;0
30/06/2010;103071;0;0;0;0;0;0
01/07/2010;102737;0;0;0;0;0;0
02/07/2010;102258;0;0;0;0;0;0
06/07/2010;102806;0;0;0;0;0;0
07/07/2010;106027;0;0;0;0;0;0
08/07/2010;107025;0;0;0;0;0;0
09/07/2010;107796;0;0;0;0;0;0
12/07/2010;107875;0;0;0;0;0;0
13/07/2010;109534;0;0;0;0;0;0
14/07/2010;109517;0;0;0;0;0;0
15/07/2010;109648;0;0;0;0;0;0
16/07/2010;106488;0;0;0;0;0;0
19/07/2010;107125;0;0;0;0;0;0
20/07/2010;108348;0;0;0;0;0;0
21/07/2010;106959;0;0;0;0;0;0
22/07/2010;109367;0;0;0;0;0;0
23/07/2010;110266;0;0;0;0;0;0
26/07/2010;111501;0;0;0;0;0;0
27/07/2010;111384;0;0;0;0;0;0
28/07/2010;110613;0;0;0;0;0;0
29/07/2010;110153;0;0;0;0;0;0
30/07/2010;110160;0;0;0;0;0;0
02/08/2010;112586;0;0;0;0;0;0
03/08/2010;112046;0;0;0;0;0;0
04/08/2010;112724;0;0;0;0;0;0
05/08/2010;112581;0;0;0;0;0;0
06/08/2010;112164;0;0;0;0;0;0
09/08/2010;112779;0;0;0;0;0;0
10/08/2010;112106;0;0;0;0;0;0
11/08/2010;108947;0;0;0;0;0;0
12/08/2010;108361;0;0;0;0;0;0
13/08/2010;107925;0;0;0;0;0;0
16/08/2010;107938;0;0;0;0;0;0
17/08/2010;109254;0;0;0;0;0;0
18/08/2010;109416;0;0;0;0;0;0
19/08/2010;107563;0;0;0;0;0;0
20/08/2010;107169;0;0;0;0;0;0
23/08/2010;106736;0;0;0;0;0;0
24/08/2010;105187;0;0;0;0;0;0
25/08/2010;105533;0;0;0;0;0;0
26/08/2010;104722;0;0;0;0;0;0
27/08/2010;106459;0;0;0;0;0;0
30/08/2010;104892;0;0;0;0;0;0
31/08/2010;104933;0;0;0;0;0;0
01/09/2010;108029;0;0;0;0;0;0
02/09/2010;109010;0;0;0;0;0;0
03/09/2010;110451;0;0;0;0;0;0
07/09/2010;109184;0;0;0;0;0;0
08/09/2010;109887;0;0;0;0;0;0
09/09/2010;110418;0;0;0;0;0;0
10/09/2010;110955;0;0;0;0;0;0
13/09/2010;112190;0;0;0;0;0;0
14/09/2010;112110;0;0;0;0;0;0
15/09/2010;112507;0;0;0;0;0;0
16/09/2010;112466;0;0;0;0;0;0
17/09/2010;112559;0;0;0;0;0;0
20/09/2010;114271;0;0;0;0;0;0
21/09/2010;113978;0;0;0;0;0;0
22/09/2010;113428;0;0;0;0;0;0
23/09/2010;112483;0;0;0;0;0;0
24/09/2010;114867;0;0;0;0;0;0
27/09/2010;114216;0;0;0;0;0;0
28/09/2010;114770;0;0;0;0;0;0
29/09/2010;114473;0;0;0;0;0;0
30/09/2010;114120;0;0;0;0;0;0
01/10/2010;114624;0;0;0;0;0;0
04/10/2010;113703;0;0;0;0;0;0
05/10/2010;116075;0;0;0;0;0;0
06/10/2010;115997;0;0;0;0;0;0
07/10/2010;115806;0;0;0;0;0;0
08/10/2010;116515;0;0;0;0;0;0
11/10/2010;116532;0;0;0;0;0;0
12/10/2010;116977;0;0;0;0;0;0
13/10/2010;117810;0;0;0;0;0;0
14/10/2010;117381;0;0;0;0;0;0
15/10/2010;117619;0;0;0;0;0;0
18/10/2010;118471;0;0;0;0;0;0
19/10/2010;116590;0;0;0;0;0;0
20/10/2010;117817;0;0;0;0;0;0
21/10/2010;118026;0;0;0;0;0;0
22/10/2010;118308;0;0;0;0;0;0
25/10/2010;118562;0;0;0;0;0;0
26/10/2010;118564;0;0;0;0;0;0
27/10/2010;118245;0;0;0;0;0;0
28/10/2010;118378;0;0;0;0;0;0
29/10/2010;118326;0;0;0;0;0;0
01/11/2010;118438;0;0;0;0;0;0
02/11/2010;119357;0;0;0;0;0;0
03/11/2010;119796;0;0;0;0;0;0
04/11/2010;122106;0;0;0;0;0;0
05/11/2010;122585;0;0;0;0;0;0
08/11/2010;122325;0;0;0;0;0;0
09/11/2010;121340;0;0;0;0;0;0
10/11/2010;121871;0;0;0;0;0;0
11/11/2010;121354;0;0;0;0;0;0
12/11/2010;119921;0;0;0;0;0;0
15/11/2010;119775;0;0;0;0;0;0
16/11/2010;117834;0;0;0;0;0;0
17/11/2010;117859;0;0;0;0;0;0
18/11/2010;119669;0;0;0;0;0;0
19/11/2010;119973;0;0;0;0;0;0
22/11/2010;119784;0;0;0;0;0;0
23/11/2010;118073;0;0;0;0;0;0
24/11/2010;119835;0;0;0;0;0;0
26/11/2010;118940;0;0;0;0;0;0
29/11/2010;118776;0;0;0;0;0;0
30/11/2010;118055;0;0;0;0;0;0
01/12/2010;120607;0;0;0;0;0;0
02/12/2010;122153;0;0;0;0;0;0
03/12/2010;122471;0;0;0;0;0;0
06/12/2010;122312;0;0;0;0;0;0
07/12/2010;122375;0;0;0;0;0;0
08/12/2010;122828;0;0;0;0;0;0
09/12/2010;123300;0;0;0;0;0;0
10/12/2010;124040;0;0;0;0;0;0
13/12/2010;124046;0;0;0;0;0;0
14/12/2010;124159;0;0;0;0;0;0
15/12/2010;123523;0;0;0;0;0;0
16/12/2010;124287;0;0;0;0;0;0
17/12/2010;124391;0;0;0;0;0;0
20/12/2010;124708;0;0;0;0;0;0
21/12/2010;125460;0;0;0;0;0;0
22/12/2010;125884;0;0;0;0;0;0
23/12/2010;125677;0;0;0;0;0;0
27/12/2010;125754;0;0;0;0;0;0
28/12/2010;125851;0;0;0;0;0;0
29/12/2010;125978;0;0;0;0;0;0
30/12/2010;125788;0;0;0;0;0;0
31/12/2010;125764;0;0;0;0;0;0
03/01/2011;127187;0;0;0;0;0;0
04/01/2011;127020;0;0;0;0;0;0
05/01/2011;127656;0;0;0;0;0;0
06/01/2011;127385;0;0;0;0;0;0
07/01/2011;127150;0;0;0;0;0;0
10/01/2011;126975;0;0;0;0;0;0
11/01/2011;127448;0;0;0;0;0;0
12/01/2011;128596;0;0;0;0;0;0
13/01/2011;128376;0;0;0;0;0;0
14/01/2011;129324;0;0;0;0;0;0
18/01/2011;129502;0;0;0;0;0;0
19/01/2011;128192;0;0;0;0;0;0
20/01/2011;128026;0;0;0;0;0;0
21/01/2011;128335;0;0;0;0;0;0
24/01/2011;129084;0;0;0;0;0;0
25/01/2011;129118;0;0;0;0;0;0
26/01/2011;129663;0;0;0;0;0;0
27/01/2011;129954;0;0;0;0;0;0
28/01/2011;127634;0;0;0;0;0;0
31/01/2011;128612;0;0;0;0;0;0
01/02/2011;130759;0;0;0;0;0;0
02/02/2011;130403;0;0;0;0;0;0
03/02/2011;130710;0;0;0;0;0;0
04/02/2011;131087;0;0;0;0;0;0
07/02/2011;131905;0;0;0;0;0;0
08/02/2011;132457;0;0;0;0;0;0
09/02/2011;132088;0;0;0;0;0;0
10/02/2011;132187;0;0;0;0;0;0
11/02/2011;132915;0;0;0;0;0;0
14/02/2011;133232;0;0;0;0;0;0
15/02/2011;132801;0;0;0;0;0;0
16/02/2011;133632;0;0;0;0;0;0
18/02/2011;134301;0;0;0;0;0;0
22/02/2011;131544;0;0;0;0;0;0
23/02/2011;130740;0;0;0;0;0;0
24/02/2011;130610;0;0;0;0;0;0
25/02/2011;131988;0;0;0;0;0;0
28/02/2011;132722;0;0;0;0;0;0
01/03/2011;130633;0;0;0;0;0;0
02/03/2011;130844;0;0;0;0;0;0
03/03/2011;133097;0;0;0;0;0;0
04/03/2011;132115;0;0;0;0;0;0
07/03/2011;131013;0;0;0;0;0;0
08/03/2011;132182;0;0;0;0;0;0
09/03/2011;132002;0;0;0;0;0;0
10/03/2011;129511;0;0;0;0;0;0
11/03/2011;130428;0;0;0;0;0;0
14/03/2011;129639;0;0;0;0;0;0
15/03/2011;128187;0;0;0;0;0;0
16/03/2011;125688;0;0;0;0;0;0
17/03/2011;127372;0;0;0;0;0;0
18/03/2011;127921;0;0;0;0;0;0
21/03/2011;129838;0;0;0;0;0;0
22/03/2011;129377;0;0;0;0;0;0
23/03/2011;129754;0;0;0;0;0;0
24/03/2011;130966;0;0;0;0;0;0
25/03/2011;131380;0;0;0;0;0;0
28/03/2011;131019;0;0;0;0;0;0
29/03/2011;131944;0;0;0;0;0;0
30/03/2011;132826;0;0;0;0;0;0
31/03/2011;132583;0;0;0;0;0;0
01/04/2011;133241;0;0;0;0;0;0
04/04/2011;133287;0;0;0;0;0;0
05/04/2011;133263;0;0;0;0;0;0
06/04/2011;133554;0;0;0;0;0;0
07/04/2011;133351;0;0;0;0;0;0
08/04/2011;132817;0;0;0;0;0;0
11/04/2011;132446;0;0;0;0;0;0
12/04/2011;131416;0;0;0;0;0;0
13/04/2011;131441;0;0;0;0;0;0
14/04/2011;131452;0;0;0;0;0;0
15/04/2011;131968;0;0;0;0;0;0
18/04/2011;130514;0;0;0;0;0;0
19/04/2011;131262;0;0;0;0;0;0
20/04/2011;133036;0;0;0;0;0;0
21/04/2011;133738;0;0;0;0;0;0
25/04/2011;133525;0;0;0;0;0;0
26/04/2011;134724;0;0;0;0;0;0
27/04/2011;135566;0;0;0;0;0;0
28/04/2011;136048;0;0;0;0;0;0
29/04/2011;136361;0;0;0;0;0;0
02/05/2011;136122;0;0;0;0;0;0
03/05/2011;135662;0;0;0;0;0;0
04/05/2011;134732;0;0;0;0;0;0
05/05/2011;133510;0;0;0;0;0;0
06/05/2011;134020;0;0;0;0;0;0
09/05/2011;134629;0;0;0;0;0;0
10/05/2011;135716;0;0;0;0;0;0
11/05/2011;134208;0;0;0;0;0;0
12/05/2011;134865;0;0;0;0;0;0
13/05/2011;133777;0;0;0;0;0;0
16/05/2011;132947;0;0;0;0;0;0
17/05/2011;132898;0;0;0;0;0;0
18/05/2011;134068;0;0;0;0;0;0
19/05/2011;134360;0;0;0;0;0;0
20/05/2011;133327;0;0;0;0;0;0
23/05/2011;131737;0;0;0;0;0;0
24/05/2011;131628;0;0;0;0;0;0
25/05/2011;132047;0;0;0;0;0;0
26/05/2011;132569;0;0;0;0;0;0
27/05/2011;133110;0;0;0;0;0;0
31/05/2011;134520;0;0;0;0;0;0
01/06/2011;131455;0;0;0;0;0;0
02/06/2011;131294;0;0;0;0;0;0
03/06/2011;130016;0;0;0;0;0;0
06/06/2011;128617;0;0;0;0;0;0
07/06/2011;128494;0;0;0;0;0;0
08/06/2011;127956;0;0;0;0;0;0
09/06/2011;128900;0;0;0;0;0;0
10/06/2011;127098;0;0;0;0;0;0
13/06/2011;127183;0;0;0;0;0;0
14/06/2011;128787;0;0;0;0;0;0
15/06/2011;126542;0;0;0;0;0;0
16/06/2011;126764;0;0;0;0;0;0
17/06/2011;127150;0;0;0;0;0;0
20/06/2011;127836;0;0;0;0;0;0
21/06/2011;129552;0;0;0;0;0;0
22/06/2011;128714;0;0;0;0;0;0
23/06/2011;128350;0;0;0;0;0;0
24/06/2011;126845;0;0;0;0;0;0
27/06/2011;128010;0;0;0;0;0;0
28/06/2011;129667;0;0;0;0;0;0
29/06/2011;130741;0;0;0;0;0;0
30/06/2011;132064;0;0;0;0;0;0
01/07/2011;133967;0;0;0;0;0;0
05/07/2011;133788;0;0;0;0;0;0
06/07/2011;133922;0;0;0;0;0;0
07/07/2011;135322;0;0;0;0;0;0
08/07/2011;134380;0;0;0;0;0;0
11/07/2011;131949;0;0;0;0;0;0
12/07/2011;131364;0;0;0;0;0;0
13/07/2011;131772;0;0;0;0;0;0
14/07/2011;130887;0;0;0;0;0;0
15/07/2011;131614;0;0;0;0;0;0
18/07/2011;130544;0;0;0;0;0;0
19/07/2011;132673;0;0;0;0;0;0
20/07/2011;132584;0;0;0;0;0;0
21/07/2011;134380;0;0;0;0;0;0
22/07/2011;134502;0;0;0;0;0;0
25/07/2011;133743;0;0;0;0;0;0
26/07/2011;133194;0;0;0;0;0;0
27/07/2011;130489;0;0;0;0;0;0
28/07/2011;130067;0;0;0;0;0;0
29/07/2011;129228;0;0;0;0;0;0
01/08/2011;128694;0;0;0;0;0;0
02/08/2011;125405;0;0;0;0;0;0
03/08/2011;126034;0;0;0;0;0;0
04/08/2011;120007;0;0;0;0;0;0
05/08/2011;119938;0;0;0;0;0;0
08/08/2011;111946;0;0;0;0;0;0
09/08/2011;117253;0;0;0;0;0;0
10/08/2011;112076;0;0;0;0;0;0
11/08/2011;117264;0;0;0;0;0;0
12/08/2011;117881;0;0;0;0;0;0
15/08/2011;120449;0;0;0;0;0;0
16/08/2011;119276;0;0;0;0;0;0
17/08/2011;119389;0;0;0;0;0;0
18/08/2011;114065;0;0;0;0;0;0
19/08/2011;112353;0;0;0;0;0;0
22/08/2011;112382;0;0;0;0;0;0
23/08/2011;116235;0;0;0;0;0;0
24/08/2011;117760;0;0;0;0;0;0
25/08/2011;115927;0;0;0;0;0;0
26/08/2011;117680;0;0;0;0;0;0
29/08/2011;121008;0;0;0;0;0;0
30/08/2011;121292;0;0;0;0;0;0
31/08/2011;121889;0;0;0;0;0;0
01/09/2011;120442;0;0;0;0;0;0
02/09/2011;117397;0;0;0;0;0;0
06/09/2011;116524;0;0;0;0;0;0
07/09/2011;119862;0;0;0;0;0;0
08/09/2011;118590;0;0;0;0;0;0
09/09/2011;115423;0;0;0;0;0;0
12/09/2011;116227;0;0;0;0;0;0
13/09/2011;117287;0;0;0;0;0;0
14/09/2011;118868;0;0;0;0;0;0
15/09/2011;120911;0;0;0;0;0;0
16/09/2011;121601;0;0;0;0;0;0
19/09/2011;120409;0;0;0;0;0;0
20/09/2011;120209;0;0;0;0;0;0
21/09/2011;116676;0;0;0;0;0;0
22/09/2011;112956;0;0;0;0;0;0
23/09/2011;113643;0;0;0;0;0;0
26/09/2011;116295;0;0;0;0;0;0
27/09/2011;117538;0;0;0;0;0;0
28/09/2011;115106;0;0;0;0;0;0
29/09/2011;116040;0;0;0;0;0;0
30/09/2011;113142;0;0;0;0;0;0
03/10/2011;109923;0;0;0;0;0;0
04/10/2011;112395;0;0;0;0;0;0
05/10/2011;114403;0;0;0;0;0;0
06/10/2011;116497;0;0;0;0;0;0
07/10/2011;115546;0;0;0;0;0;0
10/10/2011;119489;0;0;0;0;0;0
11/10/2011;119554;0;0;0;0;0;0
12/10/2011;120725;0;0;0;0;0;0
13/10/2011;120366;0;0;0;0;0;0
14/10/2011;122458;0;0;0;0;0;0
17/10/2011;120086;0;0;0;0;0;0
18/10/2011;122538;0;0;0;0;0;0
19/10/2011;120988;0;0;0;0;0;0
20/10/2011;121539;0;0;0;0;0;0
21/10/2011;123825;0;0;0;0;0;0
24/10/2011;125419;0;0;0;0;0;0
25/10/2011;122905;0;0;0;0;0;0
26/10/2011;124200;0;0;0;0;0;0
27/10/2011;128459;0;0;0;0;0;0
28/10/2011;128509;0;0;0;0;0;0
31/10/2011;125330;0;0;0;0;0;0
01/11/2011;121828;0;0;0;0;0;0
02/11/2011;123790;0;0;0;0;0;0
03/11/2011;126115;0;0;0;0;0;0
04/11/2011;125323;0;0;0;0;0;0
07/11/2011;126112;0;0;0;0;0;0
08/11/2011;127592;0;0;0;0;0;0
09/11/2011;122910;0;0;0;0;0;0
10/11/2011;123969;0;0;0;0;0;0
11/11/2011;126385;0;0;0;0;0;0
14/11/2011;125178;0;0;0;0;0;0
15/11/2011;125781;0;0;0;0;0;0
16/11/2011;123691;0;0;0;0;0;0
17/11/2011;121613;0;0;0;0;0;0
18/11/2011;121565;0;0;0;0;0;0
21/11/2011;119298;0;0;0;0;0;0
22/11/2011;118804;0;0;0;0;0;0
23/11/2011;116179;0;0;0;0;0;0
25/11/2011;115867;0;0;0;0;0;0
28/11/2011;119255;0;0;0;0;0;0
29/11/2011;119519;0;0;0;0;0;0
30/11/2011;124696;0;0;0;0;0;0
01/12/2011;124458;0;0;0;0;0;0
02/12/2011;124428;0;0;0;0;0;0
05/12/2011;125708;0;0;0;0;0;0
06/12/2011;125847;0;0;0;0;0;0
07/12/2011;126101;0;0;0;0;0;0
08/12/2011;123435;0;0;0;0;0;0
09/12/2011;125519;0;0;0;0;0;0
12/12/2011;123647;0;0;0;0;0;0
13/12/2011;122573;0;0;0;0;0;0
14/12/2011;121182;0;0;0;0;0;0
15/12/2011;121575;0;0;0;0;0;0
16/12/2011;121966;0;0;0;0;0;0
19/12/2011;120535;0;0;0;0;0;0
20/12/2011;124130;0;0;0;0;0;0
21/12/2011;124372;0;0;0;0;0;0
22/12/2011;125400;0;0;0;0;0;0
23/12/2011;126533;0;0;0;0;0;0
27/12/2011;126543;0;0;0;0;0;0
28/12/2011;124964;0;0;0;0;0;0
29/12/2011;126302;0;0;0;0;0;0
30/12/2011;125760;0;0;0;0;0;0
03/01/2012;127706;0;0;0;0;0;0
04/01/2012;127730;0;0;0;0;0;0
05/01/2012;128106;0;0;0;0;0;0
06/01/2012;127781;0;0;0;0;0;0
09/01/2012;128070;0;0;0;0;0;0
10/01/2012;129208;0;0;0;0;0;0
11/01/2012;129248;0;0;0;0;0;0
12/01/2012;129550;0;0;0;0;0;0
13/01/2012;128909;0;0;0;0;0;0
17/01/2012;129367;0;0;0;0;0;0
18/01/2012;130804;0;0;0;0;0;0
19/01/2012;131450;0;0;0;0;0;0
20/01/2012;131538;0;0;0;0;0;0
23/01/2012;131600;0;0;0;0;0;0
24/01/2012;131465;0;0;0;0;0;0
25/01/2012;132605;0;0;0;0;0;0
26/01/2012;131843;0;0;0;0;0;0
27/01/2012;131633;0;0;0;0;0;0
30/01/2012;131301;0;0;0;0;0;0
31/01/2012;131241;0;0;0;0;0;0
01/02/2012;132409;0;0;0;0;0;0
02/02/2012;132554;0;0;0;0;0;0
03/02/2012;134490;0;0;0;0;0;0
06/02/2012;134433;0;0;0;0;0;0
07/02/2012;134705;0;0;0;0;0;0
08/02/2012;134996;0;0;0;0;0;0
09/02/2012;135195;0;0;0;0;0;0
10/02/2012;134264;0;0;0;0;0;0
13/02/2012;135177;0;0;0;0;0;0
14/02/2012;135050;0;0;0;0;0;0
15/02/2012;134323;0;0;0;0;0;0
16/02/2012;135804;0;0;0;0;0;0
17/02/2012;136123;0;0;0;0;0;0
21/02/2012;136221;0;0;0;0;0;0
22/02/2012;135766;0;0;0;0;0;0
23/02/2012;136346;0;0;0;0;0;0
24/02/2012;136574;0;0;0;0;0;0
27/02/2012;136759;0;0;0;0;0;0
28/02/2012;137218;0;0;0;0;0;0
29/02/2012;136568;0;0;0;0;0;0
01/03/2012;137409;0;0;0;0;0;0
02/03/2012;136963;0;0;0;0;0;0
05/03/2012;136433;0;0;0;0;0;0
06/03/2012;134336;0;0;0;0;0;0
07/03/2012;135263;0;0;0;0;0;0
08/03/2012;136591;0;0;0;0;0;0
09/03/2012;137087;0;0;0;0;0;0
12/03/2012;137109;0;0;0;0;0;0
13/03/2012;139595;0;0;0;0;0;0
14/03/2012;139428;0;0;0;0;0;0
15/03/2012;140260;0;0;0;0;0;0
16/03/2012;140417;0;0;0;0;0;0
19/03/2012;140975;0;0;0;0;0;0
20/03/2012;140552;0;0;0;0;0;0
21/03/2012;140289;0;0;0;0;0;0
22/03/2012;139278;0;0;0;0;0;0
23/03/2012;139711;0;0;0;0;0;0
26/03/2012;141651;0;0;0;0;0;0
27/03/2012;141252;0;0;0;0;0;0
28/03/2012;140554;0;0;0;0;0;0
29/03/2012;140328;0;0;0;0;0;0
30/03/2012;140847;0;0;0;0;0;0
02/04/2012;141904;0;0;0;0;0;0
03/04/2012;141338;0;0;0;0;0;0
04/04/2012;139896;0;0;0;0;0;0
05/04/2012;139808;0;0;0;0;0;0
09/04/2012;138220;0;0;0;0;0;0
10/04/2012;135859;0;0;0;0;0;0
11/04/2012;136871;0;0;0;0;0;0
12/04/2012;138757;0;0;0;0;0;0
13/04/2012;137026;0;0;0;0;0;0
16/04/2012;136957;0;0;0;0;0;0
17/04/2012;139078;0;0;0;0;0;0
18/04/2012;138514;0;0;0;0;0;0
19/04/2012;137692;0;0;0;0;0;0
20/04/2012;137853;0;0;0;0;0;0
23/04/2012;136694;0;0;0;0;0;0
24/04/2012;137197;0;0;0;0;0;0
25/04/2012;139069;0;0;0;0;0;0
26/04/2012;139998;0;0;0;0;0;0
27/04/2012;140336;0;0;0;0;0;0
30/04/2012;139791;0;0;0;0;0;0
01/05/2012;140582;0;0;0;0;0;0
02/05/2012;140231;0;0;0;0;0;0
03/05/2012;139157;0;0;0;0;0;0
04/05/2012;136910;0;0;0;0;0;0
07/05/2012;136958;0;0;0;0;0;0
08/05/2012;136372;0;0;0;0;0;0
09/05/2012;135458;0;0;0;0;0;0
10/05/2012;135799;0;0;0;0;0;0
11/05/2012;135339;0;0;0;0;0;0
14/05/2012;133835;0;0;0;0;0;0
15/05/2012;133066;0;0;0;0;0;0
16/05/2012;132480;0;0;0;0;0;0
17/05/2012;130486;0;0;0;0;0;0
18/05/2012;129522;0;0;0;0;0;0
21/05/2012;131599;0;0;0;0;0;0
22/05/2012;131663;0;0;0;0;0;0
23/05/2012;131886;0;0;0;0;0;0
24/05/2012;132068;0;0;0;0;0;0
25/05/2012;131782;0;0;0;0;0;0
29/05/2012;133242;0;0;0;0;0;0
30/05/2012;131332;0;0;0;0;0;0
31/05/2012;131033;0;0;0;0;0;0
01/06/2012;127804;0;0;0;0;0;0
04/06/2012;127818;0;0;0;0;0;0
05/06/2012;128550;0;0;0;0;0;0
06/06/2012;131513;0;0;0;0;0;0
07/06/2012;131499;0;0;0;0;0;0
08/06/2012;132566;0;0;0;0;0;0
11/06/2012;130893;0;0;0;0;0;0
12/06/2012;132418;0;0;0;0;0;0
13/06/2012;131488;0;0;0;0;0;0
14/06/2012;132910;0;0;0;0;0;0
15/06/2012;134284;0;0;0;0;0;0
18/06/2012;134478;0;0;0;0;0;0
19/06/2012;135798;0;0;0;0;0;0
20/06/2012;135569;0;0;0;0;0;0
21/06/2012;132551;0;0;0;0;0;0
22/06/2012;133502;0;0;0;0;0;0
25/06/2012;131372;0;0;0;0;0;0
26/06/2012;131999;0;0;0;0;0;0
27/06/2012;133185;0;0;0;0;0;0
28/06/2012;132904;0;0;0;0;0;0
29/06/2012;136216;0;0;0;0;0;0
02/07/2012;136551;0;0;0;0;0;0
03/07/2012;137402;0;0;0;0;0;0
05/07/2012;136758;0;0;0;0;0;0
06/07/2012;135468;0;0;0;0;0;0
09/07/2012;135246;0;0;0;0;0;0
10/07/2012;134147;0;0;0;0;0;0
11/07/2012;134145;0;0;0;0;0;0
12/07/2012;133476;0;0;0;0;0;0
13/07/2012;135678;0;0;0;0;0;0
16/07/2012;135364;0;0;0;0;0;0
17/07/2012;136367;0;0;0;0;0;0
18/07/2012;137278;0;0;0;0;0;0
19/07/2012;137651;0;0;0;0;0;0
20/07/2012;136266;0;0;0;0;0;0
23/07/2012;135052;0;0;0;0;0;0
24/07/2012;133831;0;0;0;0;0;0
25/07/2012;133789;0;0;0;0;0;0
26/07/2012;136002;0;0;0;0;0;0
27/07/2012;138597;0;0;0;0;0;0
30/07/2012;138530;0;0;0;0;0;0
31/07/2012;137932;0;0;0;0;0;0
01/08/2012;137514;0;0;0;0;0;0
02/08/2012;136500;0;0;0;0;0;0
03/08/2012;139099;0;0;0;0;0;0
06/08/2012;139423;0;0;0;0;0;0
07/08/2012;140135;0;0;0;0;0;0
08/08/2012;140222;0;0;0;0;0;0
09/08/2012;140280;0;0;0;0;0;0
10/08/2012;140587;0;0;0;0;0;0
13/08/2012;140411;0;0;0;0;0;0
14/08/2012;140393;0;0;0;0;0;0
15/08/2012;140553;0;0;0;0;0;0
16/08/2012;141551;0;0;0;0;0;0
17/08/2012;141816;0;0;0;0;0;0
20/08/2012;141813;0;0;0;0;0;0
21/08/2012;141317;0;0;0;0;0;0
22/08/2012;141349;0;0;0;0;0;0
23/08/2012;140208;0;0;0;0;0;0
24/08/2012;141113;0;0;0;0;0;0
27/08/2012;141044;0;0;0;0;0;0
28/08/2012;140930;0;0;0;0;0;0
29/08/2012;141049;0;0;0;0;0;0
30/08/2012;139948;0;0;0;0;0;0
31/08/2012;140658;0;0;0;0;0;0
04/09/2012;140494;0;0;0;0;0;0
05/09/2012;140344;0;0;0;0;0;0
06/09/2012;143212;0;0;0;0;0;0
07/09/2012;143792;0;0;0;0;0;0
10/09/2012;142908;0;0;0;0;0;0
11/09/2012;143356;0;0;0;0;0;0
12/09/2012;143656;0;0;0;0;0;0
13/09/2012;145999;0;0;0;0;0;0
14/09/2012;146577;0;0;0;0;0;0
17/09/2012;146119;0;0;0;0;0;0
18/09/2012;145932;0;0;0;0;0;0
19/09/2012;146105;0;0;0;0;0;0
20/09/2012;146026;0;0;0;0;0;0
21/09/2012;146015;0;0;0;0;0;0
24/09/2012;145689;0;0;0;0;0;0
25/09/2012;144159;0;0;0;0;0;0
26/09/2012;143332;0;0;0;0;0;0
27/09/2012;144715;0;0;0;0;0;0
28/09/2012;144067;0;0;0;0;0;0
01/10/2012;144449;0;0;0;0;0;0
02/10/2012;144575;0;0;0;0;0;0
03/10/2012;145099;0;0;0;0;0;0
04/10/2012;146140;0;0;0;0;0;0
05/10/2012;146093;0;0;0;0;0;0
08/10/2012;145588;0;0;0;0;0;0
09/10/2012;144148;0;0;0;0;0;0
10/10/2012;143256;0;0;0;0;0;0
11/10/2012;143284;0;0;0;0;0;0
12/10/2012;142859;0;0;0;0;0;0
15/10/2012;144013;0;0;0;0;0;0
16/10/2012;145492;0;0;0;0;0;0
17/10/2012;146091;0;0;0;0;0;0
18/10/2012;145734;0;0;0;0;0;0
19/10/2012;143319;0;0;0;0;0;0
22/10/2012;143382;0;0;0;0;0;0
23/10/2012;141311;0;0;0;0;0;0
24/10/2012;140875;0;0;0;0;0;0
25/10/2012;141297;0;0;0;0;0;0
26/10/2012;141194;0;0;0;0;0;0
31/10/2012;141216;0;0;0;0;0;0
01/11/2012;142759;0;0;0;0;0;0
02/11/2012;141420;0;0;0;0;0;0
05/11/2012;141726;0;0;0;0;0;0
06/11/2012;142839;0;0;0;0;0;0
07/11/2012;139453;0;0;0;0;0;0
08/11/2012;137751;0;0;0;0;0;0
09/11/2012;137985;0;0;0;0;0;0
12/11/2012;138003;0;0;0;0;0;0
13/11/2012;137453;0;0;0;0;0;0
14/11/2012;135549;0;0;0;0;0;0
15/11/2012;135333;0;0;0;0;0;0
16/11/2012;135988;0;0;0;0;0;0
19/11/2012;138689;0;0;0;0;0;0
20/11/2012;138781;0;0;0;0;0;0
21/11/2012;139103;0;0;0;0;0;0
23/11/2012;140915;0;0;0;0;0;0
26/11/2012;140629;0;0;0;0;0;0
27/11/2012;139894;0;0;0;0;0;0
28/11/2012;140993;0;0;0;0;0;0
29/11/2012;141595;0;0;0;0;0;0
30/11/2012;141618;0;0;0;0;0;0
03/12/2012;140946;0;0;0;0;0;0
04/12/2012;140705;0;0;0;0;0;0
05/12/2012;140928;0;0;0;0;0;0
06/12/2012;141394;0;0;0;0;0;0
07/12/2012;141807;0;0;0;0;0;0
10/12/2012;141855;0;0;0;0;0;0
11/12/2012;142784;0;0;0;0;0;0
12/12/2012;142848;0;0;0;0;0;0
13/12/2012;141945;0;0;0;0;0;0
14/12/2012;141358;0;0;0;0;0;0
17/12/2012;143036;0;0;0;0;0;0
18/12/2012;144679;0;0;0;0;0;0
19/12/2012;143581;0;0;0;0;0;0
20/12/2012;144369;0;0;0;0;0;0
21/12/2012;143015;0;0;0;0;0;0
24/12/2012;142666;0;0;0;0;0;0
26/12/2012;141983;0;0;0;0;0;0
27/12/2012;141810;0;0;0;0;0;0
28/12/2012;140243;0;0;0;0;0;0
31/12/2012;142619;0;0;0;0;0;0
02/01/2013;146242;0;0;0;0;0;0
03/01/2013;145937;0;0;0;0;0;0
04/01/2013;146647;0;0;0;0;0;0
07/01/2013;146189;0;0;0;0;0;0
08/01/2013;145715;0;0;0;0;0;0
09/01/2013;146102;0;0;0;0;0;0
10/01/2013;147212;0;0;0;0;0;0
11/01/2013;147205;0;0;0;0;0;0
14/01/2013;147068;0;0;0;0;0;0
15/01/2013;147234;0;0;0;0;0;0
16/01/2013;147263;0;0;0;0;0;0
17/01/2013;148094;0;0;0;0;0;0
18/01/2013;148598;0;0;0;0;0;0
22/01/2013;149256;0;0;0;0;0;0
23/01/2013;149481;0;0;0;0;0;0
24/01/2013;149482;0;0;0;0;0;0
25/01/2013;150296;0;0;0;0;0;0
28/01/2013;150018;0;0;0;0;0;0
29/01/2013;150784;0;0;0;0;0;0
30/01/2013;150196;0;0;0;0;0;0
31/01/2013;149811;0;0;0;0;0;0
01/02/2013;151317;0;0;0;0;0;0
04/02/2013;149571;0;0;0;0;0;0
05/02/2013;151129;0;0;0;0;0;0
06/02/2013;151212;0;0;0;0;0;0
07/02/2013;150939;0;0;0;0;0;0
08/02/2013;151793;0;0;0;0;0;0
11/02/2013;151701;0;0;0;0;0;0
12/02/2013;151943;0;0;0;0;0;0
13/02/2013;152033;0;0;0;0;0;0
14/02/2013;152138;0;0;0;0;0;0
15/02/2013;151979;0;0;0;0;0;0
19/02/2013;153094;0;0;0;0;0;0
20/02/2013;151195;0;0;0;0;0;0
21/02/2013;150242;0;0;0;0;0;0
22/02/2013;151560;0;0;0;0;0;0
25/02/2013;148785;0;0;0;0;0;0
26/02/2013;149694;0;0;0;0;0;0
27/02/2013;151599;0;0;0;0;0;0
28/02/2013;151468;0;0;0;0;0;0
01/03/2013;151820;0;0;0;0;0;0
04/03/2013;152520;0;0;0;0;0;0
05/03/2013;153979;0;0;0;0;0;0
06/03/2013;154146;0;0;0;0;0;0
07/03/2013;154426;0;0;0;0;0;0
08/03/2013;155118;0;0;0;0;0;0
11/03/2013;155622;0;0;0;0;0;0
12/03/2013;155248;0;0;0;0;0;0
13/03/2013;155452;0;0;0;0;0;0
14/03/2013;156323;0;0;0;0;0;0
15/03/2013;156070;0;0;0;0;0;0
18/03/2013;155210;0;0;0;0;0;0
19/03/2013;154834;0;0;0;0;0;0
20/03/2013;155871;0;0;0;0;0;0
21/03/2013;154580;0;0;0;0;0;0
22/03/2013;155689;0;0;0;0;0;0
25/03/2013;155169;0;0;0;0;0;0
26/03/2013;156377;0;0;0;0;0;0
27/03/2013;156285;0;0;0;0;0;0
28/03/2013;156919;0;0;0;0;0;0
01/04/2013;156217;0;0;0;0;0;0
02/04/2013;157025;0;0;0;0;0;0
03/04/2013;155369;0;0;0;0;0;0
04/04/2013;155998;0;0;0;0;0;0
05/04/2013;155328;0;0;0;0;0;0
08/04/2013;156307;0;0;0;0;0;0
09/04/2013;156861;0;0;0;0;0;0
10/04/2013;158773;0;0;0;0;0;0
11/04/2013;159337;0;0;0;0;0;0
12/04/2013;158885;0;0;0;0;0;0
15/04/2013;155236;0;0;0;0;0;0
16/04/2013;157457;0;0;0;0;0;0
17/04/2013;155201;0;0;0;0;0;0
18/04/2013;154161;0;0;0;0;0;0
19/04/2013;155525;0;0;0;0;0;0
22/04/2013;156250;0;0;0;0;0;0
23/04/2013;157878;0;0;0;0;0;0
24/04/2013;157879;0;0;0;0;0;0
25/04/2013;158516;0;0;0;0;0;0
26/04/2013;158224;0;0;0;0;0;0
29/04/2013;159361;0;0;0;0;0;0
30/04/2013;159757;0;0;0;0;0;0
01/05/2013;158270;0;0;0;0;0;0
02/05/2013;159759;0;0;0;0;0;0
03/05/2013;161442;0;0;0;0;0;0
06/05/2013;161750;0;0;0;0;0;0
07/05/2013;162596;0;0;0;0;0;0
08/05/2013;163269;0;0;0;0;0;0
09/05/2013;162667;0;0;0;0;0;0
10/05/2013;163370;0;0;0;0;0;0
13/05/2013;163377;0;0;0;0;0;0
14/05/2013;165034;0;0;0;0;0;0
15/05/2013;165878;0;0;0;0;0;0
16/05/2013;165047;0;0;0;0;0;0
17/05/2013;166747;0;0;0;0;0;0
20/05/2013;166629;0;0;0;0;0;0
21/05/2013;166916;0;0;0;0;0;0
22/05/2013;165535;0;0;0;0;0;0
23/05/2013;165051;0;0;0;0;0;0
24/05/2013;164960;0;0;0;0;0;0
28/05/2013;166006;0;0;0;0;0;0
29/05/2013;164836;0;0;0;0;0;0
30/05/2013;165441;0;0;0;0;0;0
31/05/2013;163074;0;0;0;0;0;0
03/06/2013;164042;0;0;0;0;0;0
04/06/2013;163138;0;0;0;0;0;0
05/06/2013;160890;0;0;0;0;0;0
06/06/2013;162256;0;0;0;0;0;0
07/06/2013;164338;0;0;0;0;0;0
10/06/2013;164281;0;0;0;0;0;0
11/06/2013;162613;0;0;0;0;0;0
12/06/2013;161252;0;0;0;0;0;0
13/06/2013;163636;0;0;0;0;0;0
14/06/2013;162673;0;0;0;0;0;0
17/06/2013;163904;0;0;0;0;0;0
18/06/2013;165181;0;0;0;0;0;0
19/06/2013;162893;0;0;0;0;0;0
20/06/2013;158819;0;0;0;0;0;0
21/06/2013;159243;0;0;0;0;0;0
24/06/2013;157309;0;0;0;0;0;0
25/06/2013;158803;0;0;0;0;0;0
26/06/2013;160326;0;0;0;0;0;0
27/06/2013;161320;0;0;0;0;0;0
28/06/2013;160628;0;0;0;0;0;0
01/07/2013;161496;0;0;0;0;0;0
02/07/2013;161408;0;0;0;0;0;0
03/07/2013;161541;0;0;0;0;0;0
05/07/2013;163189;0;0;0;0;0;0
08/07/2013;164046;0;0;0;0;0;0
09/07/2013;165232;0;0;0;0;0;0
10/07/2013;165262;0;0;0;0;0;0
11/07/2013;167502;0;0;0;0;0;0
12/07/2013;168019;0;0;0;0;0;0
15/07/2013;168250;0;0;0;0;0;0
16/07/2013;167626;0;0;0;0;0;0
17/07/2013;168091;0;0;0;0;0;0
18/07/2013;168937;0;0;0;0;0;0
19/07/2013;169209;0;0;0;0;0;0
22/07/2013;169553;0;0;0;0;0;0
23/07/2013;169239;0;0;0;0;0;0
24/07/2013;168594;0;0;0;0;0;0
25/07/2013;169025;0;0;0;0;0;0
26/07/2013;169165;0;0;0;0;0;0
29/07/2013;168533;0;0;0;0;0;0
30/07/2013;168596;0;0;0;0;0;0
31/07/2013;168573;0;0;0;0;0;0
01/08/2013;170687;0;0;0;0;0;0
02/08/2013;170967;0;0;0;0;0;0
05/08/2013;170714;0;0;0;0;0;0
06/08/2013;169737;0;0;0;0;0;0
07/08/2013;169091;0;0;0;0;0;0
08/08/2013;169748;0;0;0;0;0;0
09/08/2013;169142;0;0;0;0;0;0
12/08/2013;168947;0;0;0;0;0;0
13/08/2013;169416;0;0;0;0;0;0
14/08/2013;168539;0;0;0;0;0;0
15/08/2013;166132;0;0;0;0;0;0
16/08/2013;165583;0;0;0;0;0;0
19/08/2013;164606;0;0;0;0;0;0
20/08/2013;165235;0;0;0;0;0;0
21/08/2013;164280;0;0;0;0;0;0
22/08/2013;165696;0;0;0;0;0;0
23/08/2013;166350;0;0;0;0;0;0
26/08/2013;165678;0;0;0;0;0;0
27/08/2013;163048;0;0;0;0;0;0
28/08/2013;163496;0;0;0;0;0;0
29/08/2013;163817;0;0;0;0;0;0
30/08/2013;163297;0;0;0;0;0;0
03/09/2013;163977;0;0;0;0;0;0
04/09/2013;165308;0;0;0;0;0;0
05/09/2013;165508;0;0;0;0;0;0
06/09/2013;165517;0;0;0;0;0;0
09/09/2013;167171;0;0;0;0;0;0
10/09/2013;168399;0;0;0;0;0;0
11/09/2013;168913;0;0;0;0;0;0
12/09/2013;168342;0;0;0;0;0;0
13/09/2013;168799;0;0;0;0;0;0
16/09/2013;169760;0;0;0;0;0;0
17/09/2013;170476;0;0;0;0;0;0
18/09/2013;172552;0;0;0;0;0;0
19/09/2013;172234;0;0;0;0;0;0
20/09/2013;170991;0;0;0;0;0;0
23/09/2013;170184;0;0;0;0;0;0
24/09/2013;169742;0;0;0;0;0;0
25/09/2013;169277;0;0;0;0;0;0
26/09/2013;169867;0;0;0;0;0;0
27/09/2013;169175;0;0;0;0;0;0
30/09/2013;168155;0;0;0;0;0;0
01/10/2013;169500;0;0;0;0;0;0
02/10/2013;169387;0;0;0;0;0;0
03/10/2013;167866;0;0;0;0;0;0
04/10/2013;169050;0;0;0;0;0;0
07/10/2013;167612;0;0;0;0;0;0
08/10/2013;165545;0;0;0;0;0;0
09/10/2013;165640;0;0;0;0;0;0
10/10/2013;169256;0;0;0;0;0;0
11/10/2013;170320;0;0;0;0;0;0
14/10/2013;171014;0;0;0;0;0;0
15/10/2013;169806;0;0;0;0;0;0
16/10/2013;172154;0;0;0;0;0;0
17/10/2013;173315;0;0;0;0;0;0
18/10/2013;174450;0;0;0;0;0;0
21/10/2013;174466;0;0;0;0;0;0
22/10/2013;175467;0;0;0;0;0;0
23/10/2013;174638;0;0;0;0;0;0
24/10/2013;175207;0;0;0;0;0;0
25/10/2013;175977;0;0;0;0;0;0
28/10/2013;176211;0;0;0;0;0;0
29/10/2013;177195;0;0;0;0;0;0
30/10/2013;176331;0;0;0;0;0;0
31/10/2013;175654;0;0;0;0;0;0
01/11/2013;176164;0;0;0;0;0;0
04/11/2013;176793;0;0;0;0;0;0
05/11/2013;176297;0;0;0;0;0;0
06/11/2013;177049;0;0;0;0;0;0
07/11/2013;174715;0;0;0;0;0;0
08/11/2013;177061;0;0;0;0;0;0
11/11/2013;177189;0;0;0;0;0;0
12/11/2013;176769;0;0;0;0;0;0
13/11/2013;178200;0;0;0;0;0;0
14/11/2013;179062;0;0;0;0;0;0
15/11/2013;179818;0;0;0;0;0;0
18/11/2013;179153;0;0;0;0;0;0
19/11/2013;178787;0;0;0;0;0;0
20/11/2013;178137;0;0;0;0;0;0
21/11/2013;179585;0;0;0;0;0;0
22/11/2013;180476;0;0;0;0;0;0
25/11/2013;180248;0;0;0;0;0;0
26/11/2013;180275;0;0;0;0;0;0
27/11/2013;180723;0;0;0;0;0;0
29/11/2013;180581;0;0;0;0;0;0
02/12/2013;180090;0;0;0;0;0;0
03/12/2013;179515;0;0;0;0;0;0
04/12/2013;179281;0;0;0;0;0;0
05/12/2013;178503;0;0;0;0;0;0
06/12/2013;180509;0;0;0;0;0;0
09/12/2013;180837;0;0;0;0;0;0
10/12/2013;180262;0;0;0;0;0;0
11/12/2013;178222;0;0;0;0;0;0
12/12/2013;177550;0;0;0;0;0;0
13/12/2013;177532;0;0;0;0;0;0
16/12/2013;178654;0;0;0;0;0;0
17/12/2013;178100;0;0;0;0;0;0
18/12/2013;181065;0;0;0;0;0;0
19/12/2013;180960;0;0;0;0;0;0
20/12/2013;181832;0;0;0;0;0;0
23/12/2013;182799;0;0;0;0;0;0
24/12/2013;183332;0;0;0;0;0;0
26/12/2013;184202;0;0;0;0;0;0
27/12/2013;184140;0;0;0;0;0;0
30/12/2013;184107;0;0;0;0;0;0
31/12/2013;184836;0;0;0;0;0;0
02/01/2014;183198;0;0;0;0;0;0
03/01/2014;183137;0;0;0;0;0;0
06/01/2014;182677;0;0;0;0;0;0
07/01/2014;183788;0;0;0;0;0;0
08/01/2014;183749;0;0;0;0;0;0
09/01/2014;183813;0;0;0;0;0;0
10/01/2014;184237;0;0;0;0;0;0
13/01/2014;181920;0;0;0;0;0;0
14/01/2014;183888;0;0;0;0;0;0
15/01/2014;184838;0;0;0;0;0;0
16/01/2014;184589;0;0;0;0;0;0
17/01/2014;183870;0;0;0;0;0;0
21/01/2014;184380;0;0;0;0;0;0
22/01/2014;184486;0;0;0;0;0;0
23/01/2014;182846;0;0;0;0;0;0
24/01/2014;179029;0;0;0;0;0;0
27/01/2014;178156;0;0;0;0;0;0
28/01/2014;179250;0;0;0;0;0;0
29/01/2014;177420;0;0;0;0;0;0
30/01/2014;179419;0;0;0;0;0;0
31/01/2014;178259;0;0;0;0;0;0
03/02/2014;174189;0;0;0;0;0;0
04/02/2014;175520;0;0;0;0;0;0
05/02/2014;175164;0;0;0;0;0;0
06/02/2014;177343;0;0;0;0;0;0
07/02/2014;179702;0;0;0;0;0;0
10/02/2014;179984;0;0;0;0;0;0
11/02/2014;181975;0;0;0;0;0;0
12/02/2014;181926;0;0;0;0;0;0
13/02/2014;182983;0;0;0;0;0;0
14/02/2014;183863;0;0;0;0;0;0
18/02/2014;184076;0;0;0;0;0;0
19/02/2014;182875;0;0;0;0;0;0
20/02/2014;183978;0;0;0;0;0;0
21/02/2014;183625;0;0;0;0;0;0
24/02/2014;184761;0;0;0;0;0;0
25/02/2014;184512;0;0;0;0;0;0
26/02/2014;184516;0;0;0;0;0;0
27/02/2014;185429;0;0;0;0;0;0
28/02/2014;185945;0;0;0;0;0;0
03/03/2014;184573;0;0;0;0;0;0
04/03/2014;187391;0;0;0;0;0;0
05/03/2014;187381;0;0;0;0;0;0
06/03/2014;187703;0;0;0;0;0;0
07/03/2014;187804;0;0;0;0;0;0
10/03/2014;187717;0;0;0;0;0;0
11/03/2014;186763;0;0;0;0;0;0
12/03/2014;186820;0;0;0;0;0;0
13/03/2014;184634;0;0;0;0;0;0
14/03/2014;184113;0;0;0;0;0;0
17/03/2014;185883;0;0;0;0;0;0
18/03/2014;187225;0;0;0;0;0;0
19/03/2014;186077;0;0;0;0;0;0
20/03/2014;187201;0;0;0;0;0;0
21/03/2014;186652;0;0;0;0;0;0
24/03/2014;185744;0;0;0;0;0;0
25/03/2014;186562;0;0;0;0;0;0
26/03/2014;185256;0;0;0;0;0;0
27/03/2014;184904;0;0;0;0;0;0
28/03/2014;185762;0;0;0;0;0;0
31/03/2014;187234;0;0;0;0;0;0
01/04/2014;188552;0;0;0;0;0;0
02/04/2014;189090;0;0;0;0;0;0
03/04/2014;188877;0;0;0;0;0;0
04/04/2014;186509;0;0;0;0;0;0
07/04/2014;184504;0;0;0;0;0;0
08/04/2014;185196;0;0;0;0;0;0
09/04/2014;187218;0;0;0;0;0;0
10/04/2014;183308;0;0;0;0;0;0
11/04/2014;181569;0;0;0;0;0;0
14/04/2014;183061;0;0;0;0;0;0
15/04/2014;184298;0;0;0;0;0;0
16/04/2014;186231;0;0;0;0;0;0
17/04/2014;186485;0;0;0;0;0;0
21/04/2014;187189;0;0;0;0;0;0
22/04/2014;187955;0;0;0;0;0;0
23/04/2014;187539;0;0;0;0;0;0
24/04/2014;187861;0;0;0;0;0;0
25/04/2014;186340;0;0;0;0;0;0
28/04/2014;186943;0;0;0;0;0;0
29/04/2014;187833;0;0;0;0;0;0
30/04/2014;188395;0;0;0;0;0;0
01/05/2014;188368;0;0;0;0;0;0
02/05/2014;188114;0;0;0;0;0;0
05/05/2014;188466;0;0;0;0;0;0
06/05/2014;186772;0;0;0;0;0;0
07/05/2014;187821;0;0;0;0;0;0
08/05/2014;187563;0;0;0;0;0;0
09/05/2014;187848;0;0;0;0;0;0
12/05/2014;189665;0;0;0;0;0;0
13/05/2014;189745;0;0;0;0;0;0
14/05/2014;188853;0;0;0;0;0;0
15/05/2014;187085;0;0;0;0;0;0
16/05/2014;187786;0;0;0;0;0;0
19/05/2014;188508;0;0;0;0;0;0
20/05/2014;187283;0;0;0;0;0;0
21/05/2014;188803;0;0;0;0;0;0
22/05/2014;189249;0;0;0;0;0;0
23/05/2014;190053;0;0;0;0;0;0
27/05/2014;191191;0;0;0;0;0;0
28/05/2014;190978;0;0;0;0;0;0
29/05/2014;192003;0;0;0;0;0;0
30/05/2014;192357;0;0;0;0;0;0
02/06/2014;192497;0;0;0;0;0;0
03/06/2014;192424;0;0;0;0;0;0
04/06/2014;192788;0;0;0;0;0;0
05/06/2014;194046;0;0;0;0;0;0
06/06/2014;194944;0;0;0;0;0;0
09/06/2014;195127;0;0;0;0;0;0
10/06/2014;195079;0;0;0;0;0;0
11/06/2014;194389;0;0;0;0;0;0
12/06/2014;193011;0;0;0;0;0;0
13/06/2014;193616;0;0;0;0;0;0
16/06/2014;193778;0;0;0;0;0;0
17/06/2014;194199;0;0;0;0;0;0
18/06/2014;195698;0;0;0;0;0;0
19/06/2014;195948;0;0;0;0;0;0
20/06/2014;196287;0;0;0;0;0;0
23/06/2014;196261;0;0;0;0;0;0
24/06/2014;194998;0;0;0;0;0;0
25/06/2014;195953;0;0;0;0;0;0
26/06/2014;195722;0;0;0;0;0;0
27/06/2014;196096;0;0;0;0;0;0
30/06/2014;196023;0;0;0;0;0;0
01/07/2014;197332;0;0;0;0;0;0
02/07/2014;197462;0;0;0;0;0;0
03/07/2014;198544;0;0;0;0;0;0
07/07/2014;197765;0;0;0;0;0;0
08/07/2014;196371;0;0;0;0;0;0
09/07/2014;197283;0;0;0;0;0;0
10/07/2014;196468;0;0;0;0;0;0
11/07/2014;196757;0;0;0;0;0;0
14/07/2014;197710;0;0;0;0;0;0
15/07/2014;197328;0;0;0;0;0;0
16/07/2014;198157;0;0;0;0;0;0
17/07/2014;195812;0;0;0;0;0;0
18/07/2014;197822;0;0;0;0;0;0
21/07/2014;197363;0;0;0;0;0;0
22/07/2014;198353;0;0;0;0;0;0
23/07/2014;198701;0;0;0;0;0;0
24/07/2014;198798;0;0;0;0;0;0
25/07/2014;197834;0;0;0;0;0;0
28/07/2014;197891;0;0;0;0;0;0
29/07/2014;196995;0;0;0;0;0;0
30/07/2014;197007;0;0;0;0;0;0
31/07/2014;193067;0;0;0;0;0;0
01/08/2014;192515;0;0;0;0;0;0
04/08/2014;193899;0;0;0;0;0;0
05/08/2014;192021;0;0;0;0;0;0
06/08/2014;192024;0;0;0;0;0;0
07/08/2014;190957;0;0;0;0;0;0
08/08/2014;193159;0;0;0;0;0;0
11/08/2014;193692;0;0;0;0;0;0
12/08/2014;193375;0;0;0;0;0;0
13/08/2014;194672;0;0;0;0;0;0
14/08/2014;195518;0;0;0;0;0;0
15/08/2014;195506;0;0;0;0;0;0
18/08/2014;197174;0;0;0;0;0;0
19/08/2014;198160;0;0;0;0;0;0
20/08/2014;198651;0;0;0;0;0;0
21/08/2014;199237;0;0;0;0;0;0
22/08/2014;198840;0;0;0;0;0;0
25/08/2014;199792;0;0;0;0;0;0
26/08/2014;200002;0;0;0;0;0;0
27/08/2014;200012;0;0;0;0;0;0
28/08/2014;199674;0;0;0;0;0;0
29/08/2014;200337;0;0;0;0;0;0
02/09/2014;200228;0;0;0;0;0;0
03/09/2014;200072;0;0;0;0;0;0
04/09/2014;199765;0;0;0;0;0;0
05/09/2014;200771;0;0;0;0;0;0
08/09/2014;200154;0;0;0;0;0;0
09/09/2014;198844;0;0;0;0;0;0
10/09/2014;199569;0;0;0;0;0;0
11/09/2014;199745;0;0;0;0;0;0
12/09/2014;198554;0;0;0;0;0;0
15/09/2014;198413;0;0;0;0;0;0
16/09/2014;199898;0;0;0;0;0;0
17/09/2014;200157;0;0;0;0;0;0
18/09/2014;201136;0;0;0;0;0;0
19/09/2014;201040;0;0;0;0;0;0
22/09/2014;199429;0;0;0;0;0;0
23/09/2014;198277;0;0;0;0;0;0
24/09/2014;199830;0;0;0;0;0;0
25/09/2014;196599;0;0;0;0;0;0
26/09/2014;198285;0;0;0;0;0;0
29/09/2014;197780;0;0;0;0;0;0
30/09/2014;197229;0;0;0;0;0;0
01/10/2014;194616;0;0;0;0;0;0
02/10/2014;194617;0;0;0;0;0;0
03/10/2014;196790;0;0;0;0;0;0
06/10/2014;196482;0;0;0;0;0;0
07/10/2014;193510;0;0;0;0;0;0
08/10/2014;196889;0;0;0;0;0;0
09/10/2014;192821;0;0;0;0;0;0
10/10/2014;190613;0;0;0;0;0;0
13/10/2014;187474;0;0;0;0;0;0
14/10/2014;187770;0;0;0;0;0;0
15/10/2014;186249;0;0;0;0;0;0
16/10/2014;186276;0;0;0;0;0;0
17/10/2014;188676;0;0;0;0;0;0
20/10/2014;190401;0;0;0;0;0;0
21/10/2014;194128;0;0;0;0;0;0
22/10/2014;192711;0;0;0;0;0;0
23/10/2014;195082;0;0;0;0;0;0
24/10/2014;196458;0;0;0;0;0;0
27/10/2014;196163;0;0;0;0;0;0
28/10/2014;198505;0;0;0;0;0;0
29/10/2014;198230;0;0;0;0;0;0
30/10/2014;199465;0;0;0;0;0;0
31/10/2014;201805;0;0;0;0;0;0
03/11/2014;201781;0;0;0;0;0;0
04/11/2014;201210;0;0;0;0;0;0
05/11/2014;202357;0;0;0;0;0;0
06/11/2014;203121;0;0;0;0;0;0
07/11/2014;203192;0;0;0;0;0;0
10/11/2014;203826;0;0;0;0;0;0
11/11/2014;203968;0;0;0;0;0;0
12/11/2014;203825;0;0;0;0;0;0
13/11/2014;203933;0;0;0;0;0;0
14/11/2014;203982;0;0;0;0;0;0
17/11/2014;204132;0;0;0;0;0;0
18/11/2014;205180;0;0;0;0;0;0
19/11/2014;204872;0;0;0;0;0;0
20/11/2014;205275;0;0;0;0;0;0
21/11/2014;206350;0;0;0;0;0;0
24/11/2014;206941;0;0;0;0;0;0
25/11/2014;206703;0;0;0;0;0;0
26/11/2014;207283;0;0;0;0;0;0
28/11/2014;206756;0;0;0;0;0;0
01/12/2014;205344;0;0;0;0;0;0
02/12/2014;206655;0;0;0;0;0;0
03/12/2014;207433;0;0;0;0;0;0
04/12/2014;207192;0;0;0;0;0;0
05/12/2014;207537;0;0;0;0;0;0
08/12/2014;206031;0;0;0;0;0;0
09/12/2014;205982;0;0;0;0;0;0
10/12/2014;202614;0;0;0;0;0;0
11/12/2014;203533;0;0;0;0;0;0
12/12/2014;200233;0;0;0;0;0;0
15/12/2014;198963;0;0;0;0;0;0
16/12/2014;197274;0;0;0;0;0;0
17/12/2014;201289;0;0;0;0;0;0
18/12/2014;206123;0;0;0;0;0;0
19/12/2014;207065;0;0;0;0;0;0
22/12/2014;207854;0;0;0;0;0;0
23/12/2014;208217;0;0;0;0;0;0
24/12/2014;208188;0;0;0;0;0;0
26/12/2014;208877;0;0;0;0;0;0
29/12/2014;209057;0;0;0;0;0;0
30/12/2014;208035;0;0;0;0;0;0
31/12/2014;205890;0;0;0;0;0;0
02/01/2015;205820;0;0;0;0;0;0
05/01/2015;202058;0;0;0;0;0;0
06/01/2015;200261;0;0;0;0;0;0
07/01/2015;202590;0;0;0;0;0;0
08/01/2015;206214;0;0;0;0;0;0
09/01/2015;204481;0;0;0;0;0;0
12/01/2015;202826;0;0;0;0;0;0
13/01/2015;202303;0;0;0;0;0;0
14/01/2015;201127;0;0;0;0;0;0
15/01/2015;199267;0;0;0;0;0;0
16/01/2015;201942;0;0;0;0;0;0
20/01/2015;202255;0;0;0;0;0;0
21/01/2015;203212;0;0;0;0;0;0
22/01/2015;206315;0;0;0;0;0;0
23/01/2015;205182;0;0;0;0;0;0
26/01/2015;205709;0;0;0;0;0;0
27/01/2015;202955;0;0;0;0;0;0
28/01/2015;200216;0;0;0;0;0;0
29/01/2015;202125;0;0;0;0;0;0
30/01/2015;199499;0;0;0;0;0;0
02/02/2015;202085;0;0;0;0;0;0
03/02/2015;205003;0;0;0;0;0;0
04/02/2015;204151;0;0;0;0;0;0
05/02/2015;206252;0;0;0;0;0;0
06/02/2015;205547;0;0;0;0;0;0
09/02/2015;204674;0;0;0;0;0;0
10/02/2015;206859;0;0;0;0;0;0
11/02/2015;206853;0;0;0;0;0;0
12/02/2015;208848;0;0;0;0;0;0
13/02/2015;209699;0;0;0;0;0;0
17/02/2015;210034;0;0;0;0;0;0
18/02/2015;209968;0;0;0;0;0;0
19/02/2015;209745;0;0;0;0;0;0
20/02/2015;211030;0;0;0;0;0;0
23/02/2015;210966;0;0;0;0;0;0
24/02/2015;211548;0;0;0;0;0;0
25/02/2015;211386;0;0;0;0;0;0
26/02/2015;211074;0;0;0;0;0;0
27/02/2015;210450;0;0;0;0;0;0
02/03/2015;211739;0;0;0;0;0;0
03/03/2015;210778;0;0;0;0;0;0
04/03/2015;209853;0;0;0;0;0;0
05/03/2015;210104;0;0;0;0;0;0
06/03/2015;207126;0;0;0;0;0;0
09/03/2015;207943;0;0;0;0;0;0
10/03/2015;204416;0;0;0;0;0;0
11/03/2015;204024;0;0;0;0;0;0
12/03/2015;206595;0;0;0;0;0;0
13/03/2015;205340;0;0;0;0;0;0
16/03/2015;208119;0;0;0;0;0;0
17/03/2015;207428;0;0;0;0;0;0
18/03/2015;209950;0;0;0;0;0;0
19/03/2015;208927;0;0;0;0;0;0
20/03/2015;210810;0;0;0;0;0;0
23/03/2015;210442;0;0;0;0;0;0
24/03/2015;209150;0;0;0;0;0;0
25/03/2015;206105;0;0;0;0;0;0
26/03/2015;205615;0;0;0;0;0;0
27/03/2015;206102;0;0;0;0;0;0
30/03/2015;208624;0;0;0;0;0;0
31/03/2015;206789;0;0;0;0;0;0
01/04/2015;205969;0;0;0;0;0;0
02/04/2015;206696;0;0;0;0;0;0
06/04/2015;208062;0;0;0;0;0;0
07/04/2015;207633;0;0;0;0;0;0
08/04/2015;208190;0;0;0;0;0;0
09/04/2015;209118;0;0;0;0;0;0
10/04/2015;210206;0;0;0;0;0;0
13/04/2015;209243;0;0;0;0;0;0
14/04/2015;209584;0;0;0;0;0;0
15/04/2015;210663;0;0;0;0;0;0
16/04/2015;210499;0;0;0;0;0;0
17/04/2015;208118;0;0;0;0;0;0
20/04/2015;210040;0;0;0;0;0;0
21/04/2015;209729;0;0;0;0;0;0
22/04/2015;210796;0;0;0;0;0;0
23/04/2015;211293;0;0;0;0;0;0
24/04/2015;211769;0;0;0;0;0;0
27/04/2015;210892;0;0;0;0;0;0
28/04/2015;211476;0;0;0;0;0;0
29/04/2015;210685;0;0;0;0;0;0
30/04/2015;208551;0;0;0;0;0;0
01/05/2015;210829;0;0;0;0;0;0
04/05/2015;211449;0;0;0;0;0;0
05/05/2015;208946;0;0;0;0;0;0
06/05/2015;208015;0;0;0;0;0;0
07/05/2015;208800;0;0;0;0;0;0
08/05/2015;211610;0;0;0;0;0;0
11/05/2015;210533;0;0;0;0;0;0
12/05/2015;209912;0;0;0;0;0;0
13/05/2015;209848;0;0;0;0;0;0
14/05/2015;212110;0;0;0;0;0;0
15/05/2015;212273;0;0;0;0;0;0
18/05/2015;212920;0;0;0;0;0;0
19/05/2015;212783;0;0;0;0;0;0
20/05/2015;212585;0;0;0;0;0;0
21/05/2015;213082;0;0;0;0;0;0
22/05/2015;212606;0;0;0;0;0;0
26/05/2015;210420;0;0;0;0;0;0
27/05/2015;212348;0;0;0;0;0;0
28/05/2015;212079;0;0;0;0;0;0
29/05/2015;210739;0;0;0;0;0;0
01/06/2015;211173;0;0;0;0;0;0
02/06/2015;210960;0;0;0;0;0;0
03/06/2015;211407;0;0;0;0;0;0
04/06/2015;209584;0;0;0;0;0;0
05/06/2015;209283;0;0;0;0;0;0
08/06/2015;207928;0;0;0;0;0;0
09/06/2015;208015;0;0;0;0;0;0
10/06/2015;210520;0;0;0;0;0;0
11/06/2015;210886;0;0;0;0;0;0
12/06/2015;209411;0;0;0;0;0;0
15/06/2015;208443;0;0;0;0;0;0
16/06/2015;209629;0;0;0;0;0;0
17/06/2015;210044;0;0;0;0;0;0
18/06/2015;212124;0;0;0;0;0;0
19/06/2015;210999;0;0;0;0;0;0
22/06/2015;212285;0;0;0;0;0;0
23/06/2015;212420;0;0;0;0;0;0
24/06/2015;210858;0;0;0;0;0;0
25/06/2015;210231;0;0;0;0;0;0
26/06/2015;210149;0;0;0;0;0;0
29/06/2015;205764;0;0;0;0;0;0
30/06/2015;206311;0;0;0;0;0;0
01/07/2015;207742;0;0;0;0;0;0
02/07/2015;207678;0;0;0;0;0;0
06/07/2015;206876;0;0;0;0;0;0
07/07/2015;208134;0;0;0;0;0;0
08/07/2015;204668;0;0;0;0;0;0
09/07/2015;205131;0;0;0;0;0;0
10/07/2015;207662;0;0;0;0;0;0
13/07/2015;209960;0;0;0;0;0;0
14/07/2015;210895;0;0;0;0;0;0
15/07/2015;210740;0;0;0;0;0;0
16/07/2015;212429;0;0;0;0;0;0
17/07/2015;212664;0;0;0;0;0;0
20/07/2015;212828;0;0;0;0;0;0
21/07/2015;211921;0;0;0;0;0;0
22/07/2015;211415;0;0;0;0;0;0
23/07/2015;210215;0;0;0;0;0;0
24/07/2015;207965;0;0;0;0;0;0
27/07/2015;206764;0;0;0;0;0;0
28/07/2015;209325;0;0;0;0;0;0
29/07/2015;210857;0;0;0;0;0;0
30/07/2015;210863;0;0;0;0;0;0
31/07/2015;210384;0;0;0;0;0;0
03/08/2015;209804;0;0;0;0;0;0
04/08/2015;209332;0;0;0;0;0;0
05/08/2015;209984;0;0;0;0;0;0
06/08/2015;208356;0;0;0;0;0;0
07/08/2015;207757;0;0;0;0;0;0
10/08/2015;210418;0;0;0;0;0;0
11/08/2015;208407;0;0;0;0;0;0
12/08/2015;208605;0;0;0;0;0;0
13/08/2015;208339;0;0;0;0;0;0
14/08/2015;209154;0;0;0;0;0;0
17/08/2015;210244;0;0;0;0;0;0
18/08/2015;209692;0;0;0;0;0;0
19/08/2015;207961;0;0;0;0;0;0
20/08/2015;203573;0;0;0;0;0;0
21/08/2015;197089;0;0;0;0;0;0
24/08/2015;189321;0;0;0;0;0;0
25/08/2015;186761;0;0;0;0;0;0
26/08/2015;194051;0;0;0;0;0;0
27/08/2015;198766;0;0;0;0;0;0
28/08/2015;198887;0;0;0;0;0;0
31/08/2015;197218;0;0;0;0;0;0
01/09/2015;191385;0;0;0;0;0;0
02/09/2015;194886;0;0;0;0;0;0
03/09/2015;195113;0;0;0;0;0;0
04/09/2015;192122;0;0;0;0;0;0
08/09/2015;196941;0;0;0;0;0;0
09/09/2015;194204;0;0;0;0;0;0
10/09/2015;195229;0;0;0;0;0;0
11/09/2015;196105;0;0;0;0;0;0
14/09/2015;195303;0;0;0;0;0;0
15/09/2015;197809;0;0;0;0;0;0
16/09/2015;199531;0;0;0;0;0;0
17/09/2015;199020;0;0;0;0;0;0
18/09/2015;195803;0;0;0;0;0;0
21/09/2015;196697;0;0;0;0;0;0
22/09/2015;194274;0;0;0;0;0;0
23/09/2015;193876;0;0;0;0;0;0
24/09/2015;193224;0;0;0;0;0;0
25/09/2015;193134;0;0;0;0;0;0
28/09/2015;188177;0;0;0;0;0;0
29/09/2015;188409;0;0;0;0;0;0
30/09/2015;192003;0;0;0;0;0;0
01/10/2015;192382;0;0;0;0;0;0
02/10/2015;195136;0;0;0;0;0;0
05/10/2015;198705;0;0;0;0;0;0
06/10/2015;197992;0;0;0;0;0;0
07/10/2015;199583;0;0;0;0;0;0
08/10/2015;201343;0;0;0;0;0;0
09/10/2015;201489;0;0;0;0;0;0
12/10/2015;201746;0;0;0;0;0;0
13/10/2015;200369;0;0;0;0;0;0
14/10/2015;199424;0;0;0;0;0;0
15/10/2015;202386;0;0;0;0;0;0
16/10/2015;203311;0;0;0;0;0;0
19/10/2015;203366;0;0;0;0;0;0
20/10/2015;203077;0;0;0;0;0;0
21/10/2015;201894;0;0;0;0;0;0
22/10/2015;205251;0;0;0;0;0;0
23/10/2015;207515;0;0;0;0;0;0
26/10/2015;207118;0;0;0;0;0;0
27/10/2015;206589;0;0;0;0;0;0
28/10/2015;209035;0;0;0;0;0;0
29/10/2015;208941;0;0;0;0;0;0
30/10/2015;207936;0;0;0;0;0;0
02/11/2015;210405;0;0;0;0;0;0
03/11/2015;210979;0;0;0;0;0;0
04/11/2015;210231;0;0;0;0;0;0
05/11/2015;209993;0;0;0;0;0;0
06/11/2015;209920;0;0;0;0;0;0
09/11/2015;207858;0;0;0;0;0;0
10/11/2015;208172;0;0;0;0;0;0
11/11/2015;207500;0;0;0;0;0;0
12/11/2015;204597;0;0;0;0;0;0
13/11/2015;202304;0;0;0;0;0;0
16/11/2015;205319;0;0;0;0;0;0
17/11/2015;205044;0;0;0;0;0;0
18/11/2015;208358;0;0;0;0;0;0
19/11/2015;208124;0;0;0;0;0;0
20/11/2015;208917;0;0;0;0;0;0
23/11/2015;208659;0;0;0;0;0;0
24/11/2015;208914;0;0;0;0;0;0
25/11/2015;208887;0;0;0;0;0;0
27/11/2015;209011;0;0;0;0;0;0
30/11/2015;208041;0;0;0;0;0;0
01/12/2015;210263;0;0;0;0;0;0
02/12/2015;207951;0;0;0;0;0;0
03/12/2015;204962;0;0;0;0;0;0
04/12/2015;209169;0;0;0;0;0;0
07/12/2015;207707;0;0;0;0;0;0
08/12/2015;206359;0;0;0;0;0;0
09/12/2015;204762;0;0;0;0;0;0
10/12/2015;205223;0;0;0;0;0;0
11/12/2015;201237;0;0;0;0;0;0
14/12/2015;202194;0;0;0;0;0;0
15/12/2015;204341;0;0;0;0;0;0
16/12/2015;207307;0;0;0;0;0;0
17/12/2015;204189;0;0;0;0;0;0
18/12/2015;200555;0;0;0;0;0;0
21/12/2015;202115;0;0;0;0;0;0
22/12/2015;203897;0;0;0;0;0;0
23/12/2015;206429;0;0;0;0;0;0
24/12/2015;206099;0;0;0;0;0;0
28/12/2015;205650;0;0;0;0;0;0
29/12/2015;207836;0;0;0;0;0;0
30/12/2015;206336;0;0;0;0;0;0
31/12/2015;204394;0;0;0;0;0;0
04/01/2016;201266;0;0;0;0;0;0
05/01/2016;201671;0;0;0;0;0;0
06/01/2016;199026;0;0;0;0;0;0
07/01/2016;194309;0;0;0;0;0;0
08/01/2016;192203;0;0;0;0;0;0
11/01/2016;192367;0;0;0;0;0;0
12/01/2016;193868;0;0;0;0;0;0
13/01/2016;189028;0;0;0;0;0;0
14/01/2016;192184;0;0;0;0;0;0
15/01/2016;188033;0;0;0;0;0;0
19/01/2016;188133;0;0;0;0;0;0
20/01/2016;185933;0;0;0;0;0;0
21/01/2016;186899;0;0;0;0;0;0
22/01/2016;190690;0;0;0;0;0;0
25/01/2016;187708;0;0;0;0;0;0
26/01/2016;190363;0;0;0;0;0;0
27/01/2016;188295;0;0;0;0;0;0
28/01/2016;189336;0;0;0;0;0;0
29/01/2016;194024;0;0;0;0;0;0
01/02/2016;193938;0;0;0;0;0;0
02/02/2016;190303;0;0;0;0;0;0
03/02/2016;191253;0;0;0;0;0;0
04/02/2016;191545;0;0;0;0;0;0
05/02/2016;188005;0;0;0;0;0;0
08/02/2016;185344;0;0;0;0;0;0
09/02/2016;185221;0;0;0;0;0;0
10/02/2016;185186;0;0;0;0;0;0
11/02/2016;182908;0;0;0;0;0;0
12/02/2016;186478;0;0;0;0;0;0
16/02/2016;189558;0;0;0;0;0;0
17/02/2016;192682;0;0;0;0;0;0
18/02/2016;191783;0;0;0;0;0;0
19/02/2016;191778;0;0;0;0;0;0
22/02/2016;194550;0;0;0;0;0;0
23/02/2016;192127;0;0;0;0;0;0
24/02/2016;192980;0;0;0;0;0;0
25/02/2016;195170;0;0;0;0;0;0
26/02/2016;194805;0;0;0;0;0;0
29/02/2016;193223;0;0;0;0;0;0
01/03/2016;197835;0;0;0;0;0;0
02/03/2016;198645;0;0;0;0;0;0
03/03/2016;199340;0;0;0;0;0;0
04/03/2016;199999;0;0;0;0;0;0
07/03/2016;200176;0;0;0;0;0;0
08/03/2016;197926;0;0;0;0;0;0
09/03/2016;198926;0;0;0;0;0;0
10/03/2016;198957;0;0;0;0;0;0
11/03/2016;202219;0;0;0;0;0;0
14/03/2016;201964;0;0;0;0;0;0
15/03/2016;201593;0;0;0;0;0;0
16/03/2016;202722;0;0;0;0;0;0
17/03/2016;204059;0;0;0;0;0;0
18/03/2016;204958;0;0;0;0;0;0
21/03/2016;205160;0;0;0;0;0;0
22/03/2016;204980;0;0;0;0;0;0
23/03/2016;203671;0;0;0;0;0;0
24/03/2016;203594;0;0;0;0;0;0
28/03/2016;203705;0;0;0;0;0;0
29/03/2016;205501;0;0;0;0;0;0
30/03/2016;206395;0;0;0;0;0;0
31/03/2016;205974;0;0;0;0;0;0
01/04/2016;207278;0;0;0;0;0;0
04/04/2016;206613;0;0;0;0;0;0
05/04/2016;204517;0;0;0;0;0;0
06/04/2016;206666;0;0;0;0;0;0
07/04/2016;204191;0;0;0;0;0;0
08/04/2016;204760;0;0;0;0;0;0
11/04/2016;204199;0;0;0;0;0;0
12/04/2016;206172;0;0;0;0;0;0
13/04/2016;208242;0;0;0;0;0;0
14/04/2016;208278;0;0;0;0;0;0
15/04/2016;208073;0;0;0;0;0;0
18/04/2016;209434;0;0;0;0;0;0
19/04/2016;210080;0;0;0;0;0;0
20/04/2016;210240;0;0;0;0;0;0
21/04/2016;209148;0;0;0;0;0;0
22/04/2016;209158;0;0;0;0;0;0
25/04/2016;208779;0;0;0;0;0;0
26/04/2016;209170;0;0;0;0;0;0
27/04/2016;209515;0;0;0;0;0;0
28/04/2016;207581;0;0;0;0;0;0
29/04/2016;206530;0;0;0;0;0;0
02/05/2016;208143;0;0;0;0;0;0
03/05/2016;206337;0;0;0;0;0;0
04/05/2016;205112;0;0;0;0;0;0
05/05/2016;205063;0;0;0;0;0;0
06/05/2016;205714;0;0;0;0;0;0
09/05/2016;205869;0;0;0;0;0;0
10/05/2016;208439;0;0;0;0;0;0
11/05/2016;206446;0;0;0;0;0;0
12/05/2016;206411;0;0;0;0;0;0
13/05/2016;204661;0;0;0;0;0;0
16/05/2016;206666;0;0;0;0;0;0
17/05/2016;204721;0;0;0;0;0;0
18/05/2016;204763;0;0;0;0;0;0
19/05/2016;204004;0;0;0;0;0;0
20/05/2016;205232;0;0;0;0;0;0
23/05/2016;204804;0;0;0;0;0;0
24/05/2016;207606;0;0;0;0;0;0
25/05/2016;209054;0;0;0;0;0;0
26/05/2016;209010;0;0;0;0;0;0
27/05/2016;209906;0;0;0;0;0;0
31/05/2016;209696;0;0;0;0;0;0
01/06/2016;209933;0;0;0;0;0;0
02/06/2016;210526;0;0;0;0;0;0
03/06/2016;209913;0;0;0;0;0;0
06/06/2016;210941;0;0;0;0;0;0
07/06/2016;211213;0;0;0;0;0;0
08/06/2016;211912;0;0;0;0;0;0
09/06/2016;211548;0;0;0;0;0;0
10/06/2016;209607;0;0;0;0;0;0
13/06/2016;207906;0;0;0;0;0;0
14/06/2016;207532;0;0;0;0;0;0
15/06/2016;207150;0;0;0;0;0;0
16/06/2016;207799;0;0;0;0;0;0
17/06/2016;207122;0;0;0;0;0;0
20/06/2016;208325;0;0;0;0;0;0
21/06/2016;208890;0;0;0;0;0;0
22/06/2016;208545;0;0;0;0;0;0
23/06/2016;211332;0;0;0;0;0;0
24/06/2016;203741;0;0;0;0;0;0
27/06/2016;200054;0;0;0;0;0;0
28/06/2016;203609;0;0;0;0;0;0
29/06/2016;207077;0;0;0;0;0;0
30/06/2016;209886;0;0;0;0;0;0
01/07/2016;210295;0;0;0;0;0;0
05/07/2016;208855;0;0;0;0;0;0
06/07/2016;209973;0;0;0;0;0;0
07/07/2016;209790;0;0;0;0;0;0
08/07/2016;212990;0;0;0;0;0;0
11/07/2016;213716;0;0;0;0;0;0
12/07/2016;215214;0;0;0;0;0;0
13/07/2016;215243;0;0;0;0;0;0
14/07/2016;216375;0;0;0;0;0;0
15/07/2016;216174;0;0;0;0;0;0
18/07/2016;216689;0;0;0;0;0;0
19/07/2016;216378;0;0;0;0;0;0
20/07/2016;217302;0;0;0;0;0;0
21/07/2016;216517;0;0;0;0;0;0
22/07/2016;217503;0;0;0;0;0;0
25/07/2016;216848;0;0;0;0;0;0
26/07/2016;216918;0;0;0;0;0;0
27/07/2016;216658;0;0;0;0;0;0
28/07/2016;217006;0;0;0;0;0;0
29/07/2016;217360;0;0;0;0;0;0
01/08/2016;217084;0;0;0;0;0;0
02/08/2016;215703;0;0;0;0;0;0
03/08/2016;216379;0;0;0;0;0;0
04/08/2016;216425;0;0;0;0;0;0
05/08/2016;218287;0;0;0;0;0;0
08/08/2016;218089;0;0;0;0;0;0
09/08/2016;218174;0;0;0;0;0;0
10/08/2016;217549;0;0;0;0;0;0
11/08/2016;218579;0;0;0;0;0;0
12/08/2016;218405;0;0;0;0;0;0
15/08/2016;219015;0;0;0;0;0;0
16/08/2016;217815;0;0;0;0;0;0
17/08/2016;218222;0;0;0;0;0;0
18/08/2016;218702;0;0;0;0;0;0
19/08/2016;218387;0;0;0;0;0;0
22/08/2016;218264;0;0;0;0;0;0
23/08/2016;218690;0;0;0;0;0;0
24/08/2016;217544;0;0;0;0;0;0
25/08/2016;217247;0;0;0;0;0;0
26/08/2016;216904;0;0;0;0;0;0
29/08/2016;218038;0;0;0;0;0;0
30/08/2016;217612;0;0;0;0;0;0
31/08/2016;217095;0;0;0;0;0;0
01/09/2016;217086;0;0;0;0;0;0
02/09/2016;217998;0;0;0;0;0;0
06/09/2016;218648;0;0;0;0;0;0
07/09/2016;218616;0;0;0;0;0;0
08/09/2016;218130;0;0;0;0;0;0
09/09/2016;212781;0;0;0;0;0;0
12/09/2016;215904;0;0;0;0;0;0
13/09/2016;212702;0;0;0;0;0;0
14/09/2016;212577;0;0;0;0;0;0
15/09/2016;214726;0;0;0;0;0;0
16/09/2016;213916;0;0;0;0;0;0
19/09/2016;213912;0;0;0;0;0;0
20/09/2016;213976;0;0;0;0;0;0
21/09/2016;216312;0;0;0;0;0;0
22/09/2016;217718;0;0;0;0;0;0
23/09/2016;216469;0;0;0;0;0;0
26/09/2016;214610;0;0;0;0;0;0
27/09/2016;215993;0;0;0;0;0;0
28/09/2016;217137;0;0;0;0;0;0
29/09/2016;215113;0;0;0;0;0;0
30/09/2016;216827;0;0;0;0;0;0
03/10/2016;216120;0;0;0;0;0;0
04/10/2016;215049;0;0;0;0;0;0
05/10/2016;215973;0;0;0;0;0;0
06/10/2016;216077;0;0;0;0;0;0
07/10/2016;215374;0;0;0;0;0;0
10/10/2016;216366;0;0;0;0;0;0
11/10/2016;213673;0;0;0;0;0;0
12/10/2016;213918;0;0;0;0;0;0
13/10/2016;213255;0;0;0;0;0;0
14/10/2016;213298;0;0;0;0;0;0
17/10/2016;212650;0;0;0;0;0;0
18/10/2016;213960;0;0;0;0;0;0
19/10/2016;214429;0;0;0;0;0;0
20/10/2016;214134;0;0;0;0;0;0
21/10/2016;214116;0;0;0;0;0;0
24/10/2016;215133;0;0;0;0;0;0
25/10/2016;214316;0;0;0;0;0;0
26/10/2016;213943;0;0;0;0;0;0
27/10/2016;213304;0;0;0;0;0;0
28/10/2016;212641;0;0;0;0;0;0
31/10/2016;212615;0;0;0;0;0;0
01/11/2016;211172;0;0;0;0;0;0
02/11/2016;209794;0;0;0;0;0;0
03/11/2016;208866;0;0;0;0;0;0
04/11/2016;208518;0;0;0;0;0;0
07/11/2016;213152;0;0;0;0;0;0
08/11/2016;213956;0;0;0;0;0;0
09/11/2016;216326;0;0;0;0;0;0
10/11/2016;216748;0;0;0;0;0;0
11/11/2016;216445;0;0;0;0;0;0
14/11/2016;216420;0;0;0;0;0;0
15/11/2016;218039;0;0;0;0;0;0
16/11/2016;217694;0;0;0;0;0;0
17/11/2016;218712;0;0;0;0;0;0
18/11/2016;218190;0;0;0;0;0;0
21/11/2016;219818;0;0;0;0;0;0
22/11/2016;220294;0;0;0;0;0;0
23/11/2016;220472;0;0;0;0;0;0
25/11/2016;221335;0;0;0;0;0;0
28/11/2016;220172;0;0;0;0;0;0
29/11/2016;220466;0;0;0;0;0;0
30/11/2016;219881;0;0;0;0;0;0
01/12/2016;219108;0;0;0;0;0;0
02/12/2016;219195;0;0;0;0;0;0
05/12/2016;220471;0;0;0;0;0;0
06/12/2016;221223;0;0;0;0;0;0
07/12/2016;224135;0;0;0;0;0;0
08/12/2016;224619;0;0;0;0;0;0
09/12/2016;225953;0;0;0;0;0;0
12/12/2016;225696;0;0;0;0;0;0
13/12/2016;227172;0;0;0;0;0;0
14/12/2016;225328;0;0;0;0;0;0
15/12/2016;226203;0;0;0;0;0;0
16/12/2016;225807;0;0;0;0;0;0
19/12/2016;226253;0;0;0;0;0;0
20/12/2016;227076;0;0;0;0;0;0
21/12/2016;226518;0;0;0;0;0;0
22/12/2016;226096;0;0;0;0;0;0
23/12/2016;226379;0;0;0;0;0;0
27/12/2016;226888;0;0;0;0;0;0
28/12/2016;224992;0;0;0;0;0;0
29/12/2016;224926;0;0;0;0;0;0
30/12/2016;223883;0;0;0;0;0;0
03/01/2017;225783;0;0;0;0;0;0
04/01/2017;227075;0;0;0;0;0;0
05/01/2017;226900;0;0;0;0;0;0
06/01/2017;227698;0;0;0;0;0;0
09/01/2017;226890;0;0;0;0;0;0
10/01/2017;226890;0;0;0;0;0;0
11/01/2017;227532;0;0;0;0;0;0
12/01/2017;227044;0;0;0;0;0;0
13/01/2017;227464;0;0;0;0;0;0
17/01/2017;226789;0;0;0;0;0;0
18/01/2017;227189;0;0;0;0;0;0
19/01/2017;226369;0;0;0;0;0;0
20/01/2017;227131;0;0;0;0;0;0
23/01/2017;226520;0;0;0;0;0;0
24/01/2017;228007;0;0;0;0;0;0
25/01/2017;229837;0;0;0;0;0;0
26/01/2017;229668;0;0;0;0;0;0
27/01/2017;229469;0;0;0;0;0;0
30/01/2017;228090;0;0;0;0;0;0
31/01/2017;227887;0;0;0;0;0;0
01/02/2017;227955;0;0;0;0;0;0
02/02/2017;228085;0;0;0;0;0;0
03/02/2017;229742;0;0;0;0;0;0
06/02/2017;229256;0;0;0;0;0;0
07/02/2017;229308;0;0;0;0;0;0
08/02/2017;229467;0;0;0;0;0;0
09/02/2017;230787;0;0;0;0;0;0
10/02/2017;231610;0;0;0;0;0;0
13/02/2017;232825;0;0;0;0;0;0
14/02/2017;233758;0;0;0;0;0;0
15/02/2017;234925;0;0;0;0;0;0
16/02/2017;234722;0;0;0;0;0;0
17/02/2017;235116;0;0;0;0;0;0
21/02/2017;236538;0;0;0;0;0;0
22/02/2017;236282;0;0;0;0;0;0
23/02/2017;236381;0;0;0;0;0;0
24/02/2017;236734;0;0;0;0;0;0
27/02/2017;236975;0;0;0;0;0;0
28/02/2017;236364;0;0;0;0;0;0
01/03/2017;239596;0;0;0;0;0;0
02/03/2017;238192;0;0;0;0;0;0
03/03/2017;238312;0;0;0;0;0;0
06/03/2017;237531;0;0;0;0;0;0
07/03/2017;236839;0;0;0;0;0;0
08/03/2017;236298;0;0;0;0;0;0
09/03/2017;236487;0;0;0;0;0;0
10/03/2017;237260;0;0;0;0;0;0
13/03/2017;237347;0;0;0;0;0;0
14/03/2017;236545;0;0;0;0;0;0
15/03/2017;238526;0;0;0;0;0;0
16/03/2017;238138;0;0;0;0;0;0
17/03/2017;237825;0;0;0;0;0;0
20/03/2017;237347;0;0;0;0;0;0
21/03/2017;234402;0;0;0;0;0;0
22/03/2017;234845;0;0;0;0;0;0
23/03/2017;234596;0;0;0;0;0;0
24/03/2017;234398;0;0;0;0;0;0
27/03/2017;234159;0;0;0;0;0;0
28/03/2017;235857;0;0;0;0;0;0
29/03/2017;236113;0;0;0;0;0;0
30/03/2017;236806;0;0;0;0;0;0
31/03/2017;236272;0;0;0;0;0;0
03/04/2017;235884;0;0;0;0;0;0
04/04/2017;236016;0;0;0;0;0;0
05/04/2017;235295;0;0;0;0;0;0
06/04/2017;235749;0;0;0;0;0;0
07/04/2017;235554;0;0;0;0;0;0
10/04/2017;235716;0;0;0;0;0;0
11/04/2017;235378;0;0;0;0;0;0
12/04/2017;234493;0;0;0;0;0;0
13/04/2017;232895;0;0;0;0;0;0
17/04/2017;234901;0;0;0;0;0;0
18/04/2017;234219;0;0;0;0;0;0
19/04/2017;233817;0;0;0;0;0;0
20/04/2017;235584;0;0;0;0;0;0
21/04/2017;234869;0;0;0;0;0;0
24/04/2017;237415;0;0;0;0;0;0
25/04/2017;238861;0;0;0;0;0;0
26/04/2017;238745;0;0;0;0;0;0
27/04/2017;238877;0;0;0;0;0;0
28/04/2017;238420;0;0;0;0;0;0
01/05/2017;238833;0;0;0;0;0;0
02/05/2017;239117;0;0;0;0;0;0
03/05/2017;238813;0;0;0;0;0;0
04/05/2017;238952;0;0;0;0;0;0
05/05/2017;239929;0;0;0;0;0;0
08/05/2017;239938;0;0;0;0;0;0
09/05/2017;239692;0;0;0;0;0;0
10/05/2017;239963;0;0;0;0;0;0
11/05/2017;239444;0;0;0;0;0;0
12/05/2017;239090;0;0;0;0;0;0
15/05/2017;240232;0;0;0;0;0;0
16/05/2017;240067;0;0;0;0;0;0
17/05/2017;235703;0;0;0;0;0;0
18/05/2017;236572;0;0;0;0;0;0
19/05/2017;238173;0;0;0;0;0;0
22/05/2017;239402;0;0;0;0;0;0
23/05/2017;239842;0;0;0;0;0;0
24/05/2017;240439;0;0;0;0;0;0
25/05/2017;241507;0;0;0;0;0;0
26/05/2017;241582;0;0;0;0;0;0
30/05/2017;241291;0;0;0;0;0;0
31/05/2017;241180;0;0;0;0;0;0
01/06/2017;243006;0;0;0;0;0;0
02/06/2017;243907;0;0;0;0;0;0
05/06/2017;243610;0;0;0;0;0;0
06/06/2017;242933;0;0;0;0;0;0
07/06/2017;243314;0;0;0;0;0;0
08/06/2017;243379;0;0;0;0;0;0
09/06/2017;243177;0;0;0;0;0;0
12/06/2017;242939;0;0;0;0;0;0
13/06/2017;244035;0;0;0;0;0;0
14/06/2017;243792;0;0;0;0;0;0
15/06/2017;243246;0;0;0;0;0;0
16/06/2017;243315;0;0;0;0;0;0
19/06/2017;245346;0;0;0;0;0;0
20/06/2017;243703;0;0;0;0;0;0
21/06/2017;243561;0;0;0;0;0;0
22/06/2017;243450;0;0;0;0;0;0
23/06/2017;243830;0;0;0;0;0;0
26/06/2017;243907;0;0;0;0;0;0
27/06/2017;241938;0;0;0;0;0;0
28/06/2017;244069;0;0;0;0;0;0
29/06/2017;241970;0;0;0;0;0;0
30/06/2017;242341;0;0;0;0;0;0
03/07/2017;242901;0;0;0;0;0;0
05/07/2017;243254;0;0;0;0;0;0
06/07/2017;240975;0;0;0;0;0;0
07/07/2017;242518;0;0;0;0;0;0
10/07/2017;242743;0;0;0;0;0;0
11/07/2017;242553;0;0;0;0;0;0
12/07/2017;244325;0;0;0;0;0;0
13/07/2017;244783;0;0;0;0;0;0
14/07/2017;245927;0;0;0;0;0;0
17/07/2017;245914;0;0;0;0;0;0
18/07/2017;246061;0;0;0;0;0;0
19/07/2017;247383;0;0;0;0;0;0
20/07/2017;247345;0;0;0;0;0;0
21/07/2017;247254;0;0;0;0;0;0
24/07/2017;246991;0;0;0;0;0;0
25/07/2017;247713;0;0;0;0;0;0
26/07/2017;247783;0;0;0;0;0;0
27/07/2017;247542;0;0;0;0;0;0
28/07/2017;247210;0;0;0;0;0;0
31/07/2017;247030;0;0;0;0;0;0
01/08/2017;247635;0;0;0;0;0;0
02/08/2017;247757;0;0;0;0;0;0
03/08/2017;247216;0;0;0;0;0;0
04/08/2017;247683;0;0;0;0;0;0
07/08/2017;248091;0;0;0;0;0;0
08/08/2017;247492;0;0;0;0;0;0
09/08/2017;247402;0;0;0;0;0;0
10/08/2017;243821;0;0;0;0;0;0
11/08/2017;244132;0;0;0;0;0;0
14/08/2017;246584;0;0;0;0;0;0
15/08/2017;246461;0;0;0;0;0;0
16/08/2017;246811;0;0;0;0;0;0
17/08/2017;243001;0;0;0;0;0;0
18/08/2017;242555;0;0;0;0;0;0
21/08/2017;242837;0;0;0;0;0;0
22/08/2017;245251;0;0;0;0;0;0
23/08/2017;244404;0;0;0;0;0;0
24/08/2017;243897;0;0;0;0;0;0
25/08/2017;244305;0;0;0;0;0;0
28/08/2017;244424;0;0;0;0;0;0
29/08/2017;244630;0;0;0;0;0;0
30/08/2017;245759;0;0;0;0;0;0
31/08/2017;247165;0;0;0;0;0;0
01/09/2017;247655;0;0;0;0;0;0
05/09/2017;245785;0;0;0;0;0;0
06/09/2017;246554;0;0;0;0;0;0
07/09/2017;246510;0;0;0;0;0;0
08/09/2017;246143;0;0;0;0;0;0
11/09/2017;248811;0;0;0;0;0;0
12/09/2017;249648;0;0;0;0;0;0
13/09/2017;249837;0;0;0;0;0;0
14/09/2017;249562;0;0;0;0;0;0
15/09/2017;250023;0;0;0;0;0;0
18/09/2017;250387;0;0;0;0;0;0
19/09/2017;250665;0;0;0;0;0;0
20/09/2017;250824;0;0;0;0;0;0
21/09/2017;250060;0;0;0;0;0;0
22/09/2017;250222;0;0;0;0;0;0
25/09/2017;249666;0;0;0;0;0;0
26/09/2017;249684;0;0;0;0;0;0
27/09/2017;250704;0;0;0;0;0;0
28/09/2017;251006;0;0;0;0;0;0
29/09/2017;251936;0;0;0;0;0;0
02/10/2017;252912;0;0;0;0;0;0
03/10/2017;253458;0;0;0;0;0;0
04/10/2017;253774;0;0;0;0;0;0
05/10/2017;255207;0;0;0;0;0;0
06/10/2017;254933;0;0;0;0;0;0
09/10/2017;254473;0;0;0;0;0;0
10/10/2017;255064;0;0;0;0;0;0
11/10/2017;255524;0;0;0;0;0;0
12/10/2017;255093;0;0;0;0;0;0
13/10/2017;255317;0;0;0;0;0;0
16/10/2017;255764;0;0;0;0;0;0
17/10/2017;255936;0;0;0;0;0;0
18/10/2017;256126;0;0;0;0;0;0
19/10/2017;256210;0;0;0;0;0;0
20/10/2017;257521;0;0;0;0;0;0
23/10/2017;256498;0;0;0;0;0;0
24/10/2017;256913;0;0;0;0;0;0
25/10/2017;255715;0;0;0;0;0;0
26/10/2017;256040;0;0;0;0;0;0
27/10/2017;258107;0;0;0;0;0;0
30/10/2017;257283;0;0;0;0;0;0
31/10/2017;257526;0;0;0;0;0;0
01/11/2017;257936;0;0;0;0;0;0
02/11/2017;257985;0;0;0;0;0;0
03/11/2017;258784;0;0;0;0;0;0
06/11/2017;259113;0;0;0;0;0;0
07/11/2017;259064;0;0;0;0;0;0
08/11/2017;259438;0;0;0;0;0;0
09/11/2017;258462;0;0;0;0;0;0
10/11/2017;258230;0;0;0;0;0;0
13/11/2017;258484;0;0;0;0;0;0
14/11/2017;257887;0;0;0;0;0;0
15/11/2017;256462;0;0;0;0;0;0
16/11/2017;258564;0;0;0;0;0;0
17/11/2017;257885;0;0;0;0;0;0
20/11/2017;258214;0;0;0;0;0;0
21/11/2017;259903;0;0;0;0;0;0
22/11/2017;259708;0;0;0;0;0;0
24/11/2017;260242;0;0;0;0;0;0
27/11/2017;260142;0;0;0;0;0;0
28/11/2017;262704;0;0;0;0;0;0
29/11/2017;262607;0;0;0;0;0;0
30/11/2017;264758;0;0;0;0;0;0
01/12/2017;264222;0;0;0;0;0;0
04/12/2017;263944;0;0;0;0;0;0
05/12/2017;262957;0;0;0;0;0;0
06/12/2017;262927;0;0;0;0;0;0
07/12/2017;263698;0;0;0;0;0;0
08/12/2017;265150;0;0;0;0;0;0
11/12/2017;265999;0;0;0;0;0;0
12/12/2017;266411;0;0;0;0;0;0
13/12/2017;266285;0;0;0;0;0;0
14/12/2017;265201;0;0;0;0;0;0
15/12/2017;267581;0;0;0;0;0;0
18/12/2017;269016;0;0;0;0;0;0
19/12/2017;268147;0;0;0;0;0;0
20/12/2017;267925;0;0;0;0;0;0
21/12/2017;268457;0;0;0;0;0;0
22/12/2017;268334;0;0;0;0;0;0
26/12/2017;268050;0;0;0;0;0;0
27/12/2017;268262;0;0;0;0;0;0
28/12/2017;268754;0;0;0;0;0;0
29/12/2017;267361;0;0;0;0;0;0
02/01/2018;269581;0;0;0;0;0;0
03/01/2018;271306;0;0;0;0;0;0
04/01/2018;272399;0;0;0;0;0;0
05/01/2018;274315;0;0;0;0;0;0
08/01/2018;274771;0;0;0;0;0;0
09/01/2018;275129;0;0;0;0;0;0
10/01/2018;274823;0;0;0;0;0;0
11/01/2018;276756;0;0;0;0;0;0
12/01/2018;278624;0;0;0;0;0;0
16/01/2018;277642;0;0;0;0;0;0
17/01/2018;280256;0;0;0;0;0;0
18/01/2018;279803;0;0;0;0;0;0
19/01/2018;281030;0;0;0;0;0;0
22/01/2018;283297;0;0;0;0;0;0
23/01/2018;283913;0;0;0;0;0;0
24/01/2018;283754;0;0;0;0;0;0
25/01/2018;283925;0;0;0;0;0;0
26/01/2018;287287;0;0;0;0;0;0
29/01/2018;285353;0;0;0;0;0;0
30/01/2018;282243;0;0;0;0;0;0
31/01/2018;282381;0;0;0;0;0;0
01/02/2018;282198;0;0;0;0;0;0
02/02/2018;276213;0;0;0;0;0;0
05/02/2018;264894;0;0;0;0;0;0
06/02/2018;269514;0;0;0;0;0;0
07/02/2018;268166;0;0;0;0;0;0
08/02/2018;258100;0;0;0;0;0;0
09/02/2018;261955;0;0;0;0;0;0
12/02/2018;265600;0;0;0;0;0;0
13/02/2018;266294;0;0;0;0;0;0
14/02/2018;269863;0;0;0;0;0;0
15/02/2018;273120;0;0;0;0;0;0
16/02/2018;273222;0;0;0;0;0;0
20/02/2018;271626;0;0;0;0;0;0
21/02/2018;270133;0;0;0;0;0;0
22/02/2018;270396;0;0;0;0;0;0
23/02/2018;274730;0;0;0;0;0;0
26/02/2018;277960;0;0;0;0;0;0
27/02/2018;274428;0;0;0;0;0;0
28/02/2018;271383;0;0;0;0;0;0
01/03/2018;267767;0;0;0;0;0;0
02/03/2018;269125;0;0;0;0;0;0
05/03/2018;272094;0;0;0;0;0;0
06/03/2018;272812;0;0;0;0;0;0
07/03/2018;272680;0;0;0;0;0;0
08/03/2018;273897;0;0;0;0;0;0
09/03/2018;278657;0;0;0;0;0;0
12/03/2018;278302;0;0;0;0;0;0
13/03/2018;276531;0;0;0;0;0;0
14/03/2018;274948;0;0;0;0;0;0
15/03/2018;274733;0;0;0;0;0;0
16/03/2018;275201;0;0;0;0;0;0
19/03/2018;271292;0;0;0;0;0;0
20/03/2018;271694;0;0;0;0;0;0
21/03/2018;271193;0;0;0;0;0;0
22/03/2018;264369;0;0;0;0;0;0
23/03/2018;258826;0;0;0;0;0;0
26/03/2018;265855;0;0;0;0;0;0
27/03/2018;261262;0;0;0;0;0;0
28/03/2018;260500;0;0;0;0;0;0
29/03/2018;264087;0;0;0;0;0;0
02/04/2018;258188;0;0;0;0;0;0
03/04/2018;261445;0;0;0;0;0;0
04/04/2018;264469;0;0;0;0;0;0
05/04/2018;266284;0;0;0;0;0;0
06/04/2018;260447;0;0;0;0;0;0
09/04/2018;261316;0;0;0;0;0;0
10/04/2018;265687;0;0;0;0;0;0
11/04/2018;264219;0;0;0;0;0;0
12/04/2018;266399;0;0;0;0;0;0
13/04/2018;265630;0;0;0;0;0;0
16/04/2018;267784;0;0;0;0;0;0
17/04/2018;270639;0;0;0;0;0;0
18/04/2018;270864;0;0;0;0;0;0
19/04/2018;269313;0;0;0;0;0;0
20/04/2018;267014;0;0;0;0;0;0
23/04/2018;267029;0;0;0;0;0;0
24/04/2018;263456;0;0;0;0;0;0
25/04/2018;263940;0;0;0;0;0;0
26/04/2018;266694;0;0;0;0;0;0
27/04/2018;266991;0;0;0;0;0;0
30/04/2018;264805;0;0;0;0;0;0
01/05/2018;265480;0;0;0;0;0;0
02/05/2018;263567;0;0;0;0;0;0
03/05/2018;262973;0;0;0;0;0;0
04/05/2018;266342;0;0;0;0;0;0
07/05/2018;267263;0;0;0;0;0;0
08/05/2018;267192;0;0;0;0;0;0
09/05/2018;269779;0;0;0;0;0;0
10/05/2018;272307;0;0;0;0;0;0
11/05/2018;272772;0;0;0;0;0;0
14/05/2018;273013;0;0;0;0;0;0
15/05/2018;271145;0;0;0;0;0;0
16/05/2018;272246;0;0;0;0;0;0
17/05/2018;272013;0;0;0;0;0;0
18/05/2018;271297;0;0;0;0;0;0
21/05/2018;273301;0;0;0;0;0;0
22/05/2018;272444;0;0;0;0;0;0
23/05/2018;273329;0;0;0;0;0;0
24/05/2018;272776;0;0;0;0;0;0
25/05/2018;272133;0;0;0;0;0;0
29/05/2018;268986;0;0;0;0;0;0
30/05/2018;272401;0;0;0;0;0;0
31/05/2018;270527;0;0;0;0;0;0
01/06/2018;273462;0;0;0;0;0;0
04/06/2018;274687;0;0;0;0;0;0
05/06/2018;274880;0;0;0;0;0;0
06/06/2018;277235;0;0;0;0;0;0
07/06/2018;277037;0;0;0;0;0;0
08/06/2018;277903;0;0;0;0;0;0
11/06/2018;278200;0;0;0;0;0;0
12/06/2018;278685;0;0;0;0;0;0
13/06/2018;277563;0;0;0;0;0;0
14/06/2018;278249;0;0;0;0;0;0
15/06/2018;277966;0;0;0;0;0;0
18/06/2018;277375;0;0;0;0;0;0
19/06/2018;276259;0;0;0;0;0;0
20/06/2018;276732;0;0;0;0;0;0
21/06/2018;274976;0;0;0;0;0;0
22/06/2018;275488;0;0;0;0;0;0
25/06/2018;271707;0;0;0;0;0;0
26/06/2018;272306;0;0;0;0;0;0
27/06/2018;269963;0;0;0;0;0;0
28/06/2018;271631;0;0;0;0;0;0
29/06/2018;271837;0;0;0;0;0;0
02/07/2018;272671;0;0;0;0;0;0
03/07/2018;271322;0;0;0;0;0;0
05/07/2018;273661;0;0;0;0;0;0
06/07/2018;275982;0;0;0;0;0;0
09/07/2018;278417;0;0;0;0;0;0
10/07/2018;279384;0;0;0;0;0;0
11/07/2018;277402;0;0;0;0;0;0
12/07/2018;279829;0;0;0;0;0;0
13/07/2018;280131;0;0;0;0;0;0
16/07/2018;279843;0;0;0;0;0;0
17/07/2018;280955;0;0;0;0;0;0
18/07/2018;281562;0;0;0;0;0;0
19/07/2018;280449;0;0;0;0;0;0
20/07/2018;280183;0;0;0;0;0;0
23/07/2018;280698;0;0;0;0;0;0
24/07/2018;282040;0;0;0;0;0;0
25/07/2018;284607;0;0;0;0;0;0
26/07/2018;283744;0;0;0;0;0;0
27/07/2018;281882;0;0;0;0;0;0
30/07/2018;280260;0;0;0;0;0;0
31/07/2018;281629;0;0;0;0;0;0
01/08/2018;281336;0;0;0;0;0;0
02/08/2018;282722;0;0;0;0;0;0
03/08/2018;284035;0;0;0;0;0;0
06/08/2018;285040;0;0;0;0;0;0
07/08/2018;285845;0;0;0;0;0;0
08/08/2018;285770;0;0;0;0;0;0
09/08/2018;285358;0;0;0;0;0;0
10/08/2018;283328;0;0;0;0;0;0
13/08/2018;282193;0;0;0;0;0;0
14/08/2018;283996;0;0;0;0;0;0
15/08/2018;281837;0;0;0;0;0;0
16/08/2018;284069;0;0;0;0;0;0
17/08/2018;285013;0;0;0;0;0;0
20/08/2018;285705;0;0;0;0;0;0
21/08/2018;286296;0;0;0;0;0;0
22/08/2018;286182;0;0;0;0;0;0
23/08/2018;285698;0;0;0;0;0;0
24/08/2018;287469;0;0;0;0;0;0
27/08/2018;289674;0;0;0;0;0;0
28/08/2018;289752;0;0;0;0;0;0
29/08/2018;291404;0;0;0;0;0;0
30/08/2018;290113;0;0;0;0;0;0
31/08/2018;290152;0;0;0;0;0;0
04/09/2018;289672;0;0;0;0;0;0
05/09/2018;288860;0;0;0;0;0;0
06/09/2018;287805;0;0;0;0;0;0
07/09/2018;287168;0;0;0;0;0;0
10/09/2018;287713;0;0;0;0;0;0
11/09/2018;288789;0;0;0;0;0;0
12/09/2018;288892;0;0;0;0;0;0
13/09/2018;290418;0;0;0;0;0;0
14/09/2018;290498;0;0;0;0;0;0
17/09/2018;288880;0;0;0;0;0;0
18/09/2018;290431;0;0;0;0;0;0
19/09/2018;290795;0;0;0;0;0;0
20/09/2018;293075;0;0;0;0;0;0
21/09/2018;292967;0;0;0;0;0;0
24/09/2018;291937;0;0;0;0;0;0
25/09/2018;291556;0;0;0;0;0;0
26/09/2018;290597;0;0;0;0;0;0
27/09/2018;291400;0;0;0;0;0;0
28/09/2018;291398;0;0;0;0;0;0
01/10/2018;292459;0;0;0;0;0;0
02/10/2018;292343;0;0;0;0;0;0
03/10/2018;292551;0;0;0;0;0;0
04/10/2018;290161;0;0;0;0;0;0
05/10/2018;288557;0;0;0;0;0;0
08/10/2018;288443;0;0;0;0;0;0
09/10/2018;288034;0;0;0;0;0;0
10/10/2018;278568;0;0;0;0;0;0
11/10/2018;272837;0;0;0;0;0;0
12/10/2018;276713;0;0;0;0;0;0
15/10/2018;275079;0;0;0;0;0;0
16/10/2018;280992;0;0;0;0;0;0
17/10/2018;280921;0;0;0;0;0;0
18/10/2018;276878;0;0;0;0;0;0
19/10/2018;276778;0;0;0;0;0;0
22/10/2018;275588;0;0;0;0;0;0
23/10/2018;274069;0;0;0;0;0;0
24/10/2018;265610;0;0;0;0;0;0
25/10/2018;270557;0;0;0;0;0;0
26/10/2018;265869;0;0;0;0;0;0
29/10/2018;264125;0;0;0;0;0;0
30/10/2018;268263;0;0;0;0;0;0
31/10/2018;271174;0;0;0;0;0;0
01/11/2018;274037;0;0;0;0;0;0
02/11/2018;272306;0;0;0;0;0;0
05/11/2018;273831;0;0;0;0;0;0
06/11/2018;275545;0;0;0;0;0;0
07/11/2018;281389;0;0;0;0;0;0
08/11/2018;280683;0;0;0;0;0;0
09/11/2018;278101;0;0;0;0;0;0
12/11/2018;272622;0;0;0;0;0;0
13/11/2018;272218;0;0;0;0;0;0
14/11/2018;270158;0;0;0;0;0;0
15/11/2018;273020;0;0;0;0;0;0
16/11/2018;273627;0;0;0;0;0;0
19/11/2018;269073;0;0;0;0;0;0
20/11/2018;264189;0;0;0;0;0;0
21/11/2018;264993;0;0;0;0;0;0
23/11/2018;263256;0;0;0;0;0;0
26/11/2018;267345;0;0;0;0;0;0
27/11/2018;268217;0;0;0;0;0;0
28/11/2018;274379;0;0;0;0;0;0
29/11/2018;273776;0;0;0;0;0;0
30/11/2018;276017;0;0;0;0;0;0
03/12/2018;279037;0;0;0;0;0;0
04/12/2018;270006;0;0;0;0;0;0
06/12/2018;269595;0;0;0;0;0;0
07/12/2018;263308;0;0;0;0;0;0
10/12/2018;263772;0;0;0;0;0;0
11/12/2018;263678;0;0;0;0;0;0
12/12/2018;265107;0;0;0;0;0;0
13/12/2018;265054;0;0;0;0;0;0
14/12/2018;259995;0;0;0;0;0;0
17/12/2018;254594;0;0;0;0;0;0
18/12/2018;254616;0;0;0;0;0;0
19/12/2018;250696;0;0;0;0;0;0
20/12/2018;246742;0;0;0;0;0;0
21/12/2018;241662;0;0;0;0;0;0
24/12/2018;235110;0;0;0;0;0;0
26/12/2018;246770;0;0;0;0;0;0
27/12/2018;248883;0;0;0;0;0;0
28/12/2018;248574;0;0;0;0;0;0
31/12/2018;250685;0;0;0;0;0;0
02/01/2019;251003;0;0;0;0;0;0
03/01/2019;244789;0;0;0;0;0;0
04/01/2019;253194;0;0;0;0;0;0
07/01/2019;254969;0;0;0;0;0;0
08/01/2019;257441;0;0;0;0;0;0
09/01/2019;258496;0;0;0;0;0;0
10/01/2019;259664;0;0;0;0;0;0
11/01/2019;259626;0;0;0;0;0;0
14/01/2019;258261;0;0;0;0;0;0
15/01/2019;261030;0;0;0;0;0;0
16/01/2019;261610;0;0;0;0;0;0
17/01/2019;263596;0;0;0;0;0;0
18/01/2019;267071;0;0;0;0;0;0
22/01/2019;263290;0;0;0;0;0;0
23/01/2019;263870;0;0;0;0;0;0
24/01/2019;264233;0;0;0;0;0;0
25/01/2019;266476;0;0;0;0;0;0
28/01/2019;264385;0;0;0;0;0;0
29/01/2019;264000;0;0;0;0;0;0
30/01/2019;268105;0;0;0;0;0;0
31/01/2019;270410;0;0;0;0;0;0
01/02/2019;270653;0;0;0;0;0;0
04/02/2019;272487;0;0;0;0;0;0
05/02/2019;273770;0;0;0;0;0;0
06/02/2019;273161;0;0;0;0;0;0
07/02/2019;270605;0;0;0;0;0;0
08/02/2019;270788;0;0;0;0;0;0
11/02/2019;270980;0;0;0;0;0;0
12/02/2019;274473;0;0;0;0;0;0
13/02/2019;275303;0;0;0;0;0;0
14/02/2019;274573;0;0;0;0;0;0
15/02/2019;277560;0;0;0;0;0;0
19/02/2019;277976;0;0;0;0;0;0
20/02/2019;278470;0;0;0;0;0;0
21/02/2019;277488;0;0;0;0;0;0
22/02/2019;279267;0;0;0;0;0;0
25/02/2019;279611;0;0;0;0;0;0
26/02/2019;279390;0;0;0;0;0;0
27/02/2019;279238;0;0;0;0;0;0
28/02/2019;278449;0;0;0;0;0;0
01/03/2019;280369;0;0;0;0;0;0
04/03/2019;279281;0;0;0;0;0;0
05/03/2019;278965;0;0;0;0;0;0
06/03/2019;277145;0;0;0;0;0;0
07/03/2019;274893;0;0;0;0;0;0
08/03/2019;274307;0;0;0;0;0;0
11/03/2019;278330;0;0;0;0;0;0
12/03/2019;279152;0;0;0;0;0;0
13/03/2019;281092;0;0;0;0;0;0
14/03/2019;280848;0;0;0;0;0;0
15/03/2019;282248;0;0;0;0;0;0
18/03/2019;283294;0;0;0;0;0;0
19/03/2019;283257;0;0;0;0;0;0
20/03/2019;282423;0;0;0;0;0;0
21/03/2019;285488;0;0;0;0;0;0
22/03/2019;280071;0;0;0;0;0;0
25/03/2019;279836;0;0;0;0;0;0
26/03/2019;281846;0;0;0;0;0;0
27/03/2019;280537;0;0;0;0;0;0
28/03/2019;281544;0;0;0;0;0;0
29/03/2019;283440;0;0;0;0;0;0
01/04/2019;286719;0;0;0;0;0;0
02/04/2019;286724;0;0;0;0;0;0
03/04/2019;287340;0;0;0;0;0;0
04/04/2019;287939;0;0;0;0;0;0
05/04/2019;289274;0;0;0;0;0;0
08/04/2019;289577;0;0;0;0;0;0
09/04/2019;287820;0;0;0;0;0;0
10/04/2019;288821;0;0;0;0;0;0
11/04/2019;288832;0;0;0;0;0;0
12/04/2019;290741;0;0;0;0;0;0
15/04/2019;290558;0;0;0;0;0;0
16/04/2019;290706;0;0;0;0;0;0
17/04/2019;290045;0;0;0;0;0;0
18/04/2019;290503;0;0;0;0;0;0
22/04/2019;290797;0;0;0;0;0;0
23/04/2019;293368;0;0;0;0;0;0
24/04/2019;292725;0;0;0;0;0;0
25/04/2019;292617;0;0;0;0;0;0
26/04/2019;293988;0;0;0;0;0;0
29/04/2019;294303;0;0;0;0;0;0
30/04/2019;294583;0;0;0;0;0;0
01/05/2019;292373;0;0;0;0;0;0
02/05/2019;291752;0;0;0;0;0;0
03/05/2019;294564;0;0;0;0;0;0
06/05/2019;293247;0;0;0;0;0;0
07/05/2019;288405;0;0;0;0;0;0
08/05/2019;287942;0;0;0;0;0;0
09/05/2019;287072;0;0;0;0;0;0
10/05/2019;288140;0;0;0;0;0;0
13/05/2019;281187;0;0;0;0;0;0
14/05/2019;283441;0;0;0;0;0;0
15/05/2019;285096;0;0;0;0;0;0
16/05/2019;287632;0;0;0;0;0;0
17/05/2019;285953;0;0;0;0;0;0
20/05/2019;284023;0;0;0;0;0;0
